"nichoir";"pulenv";"echec_fledg";"pop";"an"
"ARI6";1;9;"EMuro";"2017"
"AVA8";9;0;"DMuro";"2014"
"AVA10";4;5;"DMuro";"2015"
"FIL1";6;0;"EMuro";"2013"
"FIL7";7;0;"EMuro";"2014"
"MUR95";9;0;"DMuro";"2012"
"MUR77";3;2;"DMuro";"2012"
"MUR21";9;0;"DMuro";"2017"
"PIR85";5;0;"EPirio";"2012"
"PIR5";4;0;"EPirio";"2012"
"PIR18";1;6;"EPirio";"2014"
"FEL4";0;6;"DMuro";"2015"
"GRA20";0;4;"EMuro";"2014"
"MUR40";0;8;"DMuro";"2015"
"PIR240";3;1;"EPirio";"2012"
"PIR129";0;8;"EPirio";"2015"
"PIR157";6;1;"EPirio";"2012"
"PIR207";2;3;"EPirio";"2012"
"PIR38";5;1;"EPirio";"2013"
"PIR131";2;2;"EPirio";"2012"
"PIR138";5;0;"EPirio";"2013"
"GRA15";6;2;"EMuro";"2012"
"GRA18";7;1;"EMuro";"2012"
"GRA15";3;5;"EMuro";"2014"
"PIR90";7;0;"EPirio";"2011"
"PIR246";5;1;"EPirio";"2011"
"PIR246";0;7;"EPirio";"2012"
"PIR65";8;0;"EPirio";"2013"
"PIR65";8;0;"EPirio";"2014"
"PIR235";5;1;"EPirio";"2011"
"PIR74";7;0;"EPirio";"2013"
"PIR34";5;1;"EPirio";"2011"
"PIR73";5;0;"EPirio";"2011"
"PIR98";4;1;"EPirio";"2011"
"PIR98";2;2;"EPirio";"2012"
"PIR247";1;1;"EPirio";"2011"
"PIR69";9;0;"EPirio";"2011"
"PIR19";0;7;"EPirio";"2011"
"GRA7";7;0;"EMuro";"2012"
"GRA7";7;0;"EMuro";"2013"
"MUR45";4;0;"DMuro";"2004"
"PIR91";2;5;"EPirio";"2009"
"PIR93";8;0;"EPirio";"2010"
"PIR93";2;0;"EPirio";"2011"
"PIR59";4;2;"EPirio";"2009"
"PIR59";5;1;"EPirio";"2010"
"ARI25";1;0;"EMuro";"2004"
"PIR1";8;0;"EPirio";"2004"
"PIR1";6;0;"EPirio";"2005"
"PIR20";5;0;"EPirio";"2004"
"PIR18";4;0;"EPirio";"2005"
"MUR85";5;0;"DMuro";"2004"
"MUR57";7;0;"DMuro";"2004"
"MUR30";5;0;"DMuro";"2004"
"FIL2";3;1;"EMuro";"2004"
"MUR43";6;0;"DMuro";"2004"
"PIR129";5;0;"EPirio";"2004"
"PIR129";7;0;"EPirio";"2005"
"PIR129";6;0;"EPirio";"2006"
"PIR129";3;0;"EPirio";"2007"
"PIR98";3;3;"EPirio";"2004"
"PIR98";6;0;"EPirio";"2005"
"PIR128";6;0;"EPirio";"2004"
"PIR121";7;0;"EPirio";"2005"
"PIR42";3;2;"EPirio";"2006"
"PIR41";3;4;"EPirio";"2007"
"ARI11";8;0;"EMuro";"2004"
"MUR33";5;1;"DMuro";"2004"
"MUR35";2;0;"DMuro";"2004"
"ARI6";6;0;"EMuro";"2004"
"ARI7";7;1;"EMuro";"2005"
"ARI7";0;2;"EMuro";"2008"
"ARI30";6;0;"EMuro";"2004"
"PIR41";6;1;"EPirio";"2004"
"PIR111";4;0;"EPirio";"2004"
"PIR202";7;0;"EPirio";"2005"
"PIR75";5;1;"EPirio";"2006"
"PIR74";4;0;"EPirio";"2007"
"MUR99";7;3;"DMuro";"2005"
"MUR99";8;1;"DMuro";"2006"
"MUR44";10;0;"DMuro";"2004"
"MUR77";7;0;"DMuro";"2005"
"FEL11";4;0;"DMuro";"2004"
"AVA21";7;0;"DMuro";"2004"
"AVA1";6;0;"DMuro";"2005"
"FIL5";5;0;"EMuro";"2004"
"FIL5";7;0;"EMuro";"2005"
"AVA9";8;1;"DMuro";"2004"
"GRA15";4;0;"EMuro";"2005"
"GRA15";6;0;"EMuro";"2004"
"GRA4";5;0;"EMuro";"2006"
"MUR93";8;0;"DMuro";"2004"
"MUR44";9;1;"DMuro";"2005"
"MUR44";0;10;"DMuro";"2006"
"MUR44";10;0;"DMuro";"2007"
"GRA8";7;0;"EMuro";"2004"
"GRA1";5;0;"EMuro";"2008"
"GRA1";5;0;"EMuro";"2009"
"GRA10";3;4;"EMuro";"2006"
"GRA5";7;0;"EMuro";"2007"
"GRA19";5;0;"EMuro";"2004"
"GRA19";6;0;"EMuro";"2005"
"GRA19";4;0;"EMuro";"2007"
"GRA1";8;0;"EMuro";"2004"
"GRA1";7;0;"EMuro";"2006"
"GRA13";6;1;"EMuro";"2004"
"GRA18";4;0;"EMuro";"2005"
"GRA18";3;3;"EMuro";"2006"
"GRA17";4;0;"EMuro";"2007"
"PIR93";2;3;"EPirio";"2004"
"PIR94";5;1;"EPirio";"2005"
"PIR6";7;0;"EPirio";"2005"
"GRA2";5;0;"EMuro";"2004"
"GRA2";3;0;"EMuro";"2005"
"GRA3";6;2;"EMuro";"2004"
"ARI29";7;0;"EMuro";"2004"
"ARI22";7;0;"EMuro";"2005"
"ARI9";6;0;"EMuro";"2005"
"ARI19";4;0;"EMuro";"2006"
"FIL23";2;5;"EMuro";"2004"
"MUR54";6;0;"DMuro";"2004"
"MUR26";6;3;"DMuro";"2005"
"MUR30";7;0;"DMuro";"2005"
"MUR28";8;0;"DMuro";"2006"
"MUR88";7;0;"DMuro";"2007"
"MUR38";10;0;"DMuro";"2007"
"MUR101";8;0;"DMuro";"2004"
"AVA12";6;0;"DMuro";"2004"
"FEL11";8;0;"DMuro";"2005"
"FEL10";6;1;"DMuro";"2007"
"MUR48";9;0;"DMuro";"2004"
"AVA5";8;0;"DMuro";"2004"
"AVA21";8;0;"DMuro";"2005"
"AVA21";7;0;"DMuro";"2006"
"GRA5";8;0;"EMuro";"2006"
"GRA7";8;0;"EMuro";"2004"
"GRA7";8;0;"EMuro";"2005"
"ARI1";0;9;"EMuro";"2004"
"PIR39";6;0;"EPirio";"2004"
"PIR95";5;0;"EPirio";"2004"
"FEL3";7;0;"DMuro";"2004"
"FEL1";5;0;"DMuro";"2007"
"MUR106";8;0;"DMuro";"2004"
"FIL17";1;5;"EMuro";"2004"
"MUR72";9;0;"DMuro";"2004"
"MUR72";2;8;"DMuro";"2005"
"MUR21";7;0;"DMuro";"2004"
"MUR31";8;0;"DMuro";"2004"
"AVA8";7;0;"DMuro";"2004"
"MUR78";8;0;"DMuro";"2004"
"MUR78";0;9;"DMuro";"2005"
"FIL6";6;0;"EMuro";"2004"
"FIL4";6;0;"EMuro";"2005"
"ARI3";9;0;"EMuro";"2004"
"ARI13";7;0;"EMuro";"2005"
"GRA12";5;0;"EMuro";"2004"
"GRA12";2;0;"EMuro";"2005"
"GRA12";1;0;"EMuro";"2006"
"GRA12";1;0;"EMuro";"2007"
"PIR159";7;0;"EPirio";"2004"
"PIR153";8;0;"EPirio";"2005"
"PIR157";8;0;"EPirio";"2004"
"PIR44";8;0;"EPirio";"2004"
"PIR119";5;0;"EPirio";"2005"
"PIR43";6;0;"EPirio";"2006"
"AVA20";10;0;"DMuro";"2004"
"MUR79";9;0;"DMuro";"2004"
"MUR33";8;0;"DMuro";"2007"
"MUR95";4;3;"DMuro";"2007"
"FIL11";2;6;"EMuro";"2004"
"ARI10";6;0;"EMuro";"2004"
"MUR107";7;2;"DMuro";"2005"
"MUR46";9;0;"DMuro";"2004"
"MUR97";8;0;"DMuro";"2006"
"MUR34";8;0;"DMuro";"2004"
"MUR77";9;0;"DMuro";"2004"
"MUR88";8;0;"DMuro";"2004"
"MUR40";8;0;"DMuro";"2004"
"MUR35";9;0;"DMuro";"2006"
"MUR25";3;0;"DMuro";"2004"
"MUR29";7;0;"DMuro";"2004"
"ARI9";2;4;"EMuro";"2004"
"ARI11";4;0;"EMuro";"2006"
"ARI12";4;0;"EMuro";"2007"
"ARI4";3;0;"EMuro";"2008"
"PIR158";6;0;"EPirio";"2004"
"PIR159";4;2;"EPirio";"2005"
"PIR159";4;0;"EPirio";"2006"
"PIR159";6;0;"EPirio";"2007"
"PIR124";5;0;"EPirio";"2004"
"PIR39";6;0;"EPirio";"2005"
"PIR39";6;1;"EPirio";"2006"
"PIR62";7;0;"EPirio";"2004"
"PIR71";6;0;"EPirio";"2004"
"PIR71";4;0;"EPirio";"2005"
"PIR71";6;0;"EPirio";"2006"
"PIR67";6;0;"EPirio";"2007"
"PIR128";9;0;"EPirio";"2005"
"PIR137";6;0;"EPirio";"2005"
"MUR58";5;0;"DMuro";"2004"
"MUR114";8;2;"DMuro";"2005"
"MUR58";4;0;"DMuro";"2006"
"MUR40";9;0;"DMuro";"2008"
"MUR31";8;0;"DMuro";"2008"
"MUR31";8;0;"DMuro";"2007"
"MUR37";6;2;"DMuro";"2005"
"MUR43";9;0;"DMuro";"2008"
"FEL1";5;0;"DMuro";"2004"
"FEL19";7;0;"DMuro";"2004"
"MUR55";8;1;"DMuro";"2005"
"FEL14";7;0;"DMuro";"2004"
"FEL13";10;0;"DMuro";"2005"
"FEL13";10;0;"DMuro";"2006"
"MUR27";10;1;"DMuro";"2004"
"GRA14";4;0;"EMuro";"2004"
"GRA6";4;0;"EMuro";"2005"
"GRA17";3;0;"EMuro";"2006"
"MUR24";7;0;"DMuro";"2004"
"MUR75";6;0;"DMuro";"2004"
"MUR87";2;4;"DMuro";"2004"
"MUR43";8;0;"DMuro";"2009"
"FIL2";5;0;"EMuro";"2006"
"FEL9";7;0;"DMuro";"2004"
"FEL9";7;0;"DMuro";"2005"
"FEL13";7;0;"DMuro";"2004"
"MUR109";6;0;"DMuro";"2004"
"MUR109";8;0;"DMuro";"2005"
"MUR109";7;1;"DMuro";"2006"
"MUR56";5;0;"DMuro";"2004"
"MUR56";6;3;"DMuro";"2005"
"MUR38";6;0;"DMuro";"2004"
"MUR47";8;0;"DMuro";"2004"
"MUR47";10;1;"DMuro";"2005"
"MUR51";8;0;"DMuro";"2004"
"MUR89";6;0;"DMuro";"2004"
"MUR55";7;0;"DMuro";"2004"
"AVA6";10;0;"DMuro";"2004"
"AVA22";5;5;"DMuro";"2005"
"AVA22";4;6;"DMuro";"2006"
"AVA4";6;1;"DMuro";"2004"
"AVA4";7;0;"DMuro";"2005"
"AVA14";8;0;"DMuro";"2004"
"PIR127";7;0;"EPirio";"2004"
"MUR31";5;1;"DMuro";"2005"
"MUR45";10;0;"DMuro";"2005"
"MUR51";8;0;"DMuro";"2006"
"MUR27";7;0;"DMuro";"2005"
"PIR47";5;0;"EPirio";"2004"
"PIR136";8;0;"EPirio";"2004"
"PIR85";5;0;"EPirio";"2005"
"PIR53";6;0;"EPirio";"2004"
"PIR16";7;0;"EPirio";"2004"
"PIR97";5;0;"EPirio";"2005"
"MUR105";10;0;"DMuro";"2005"
"MUR29";9;0;"DMuro";"2006"
"MUR35";9;0;"DMuro";"2007"
"MUR28";11;0;"DMuro";"2007"
"MUR91";10;0;"DMuro";"2004"
"MUR93";7;0;"DMuro";"2005"
"MUR23";8;1;"DMuro";"2008"
"MUR59";6;2;"DMuro";"2007"
"PIR4";5;0;"EPirio";"2004"
"PIR17";6;0;"EPirio";"2005"
"PIR19";6;0;"EPirio";"2006"
"PIR130";6;0;"EPirio";"2007"
"PIR20";5;0;"EPirio";"2008"
"PIR18";2;4;"EPirio";"2009"
"PIR22";3;0;"EPirio";"2010"
"MUR40";0;9;"DMuro";"2005"
"MUR57";7;0;"DMuro";"2005"
"MUR59";7;1;"DMuro";"2006"
"GRA3";3;2;"EMuro";"2005"
"AVA7";9;0;"DMuro";"2005"
"MUR51";8;1;"DMuro";"2005"
"AVA19";5;0;"DMuro";"2006"
"FEL5";10;0;"DMuro";"2005"
"FEL5";6;4;"DMuro";"2006"
"FEL15";8;1;"DMuro";"2005"
"FEL15";10;0;"DMuro";"2006"
"FEL15";9;0;"DMuro";"2007"
"FEL17";8;1;"DMuro";"2005"
"MUR89";8;2;"DMuro";"2005"
"MUR22";6;0;"DMuro";"2005"
"MUR24";8;1;"DMuro";"2005"
"AVA9";8;0;"DMuro";"2006"
"AVA13";9;0;"DMuro";"2005"
"MUR30";8;1;"DMuro";"2006"
"GRA6";0;7;"EMuro";"2009"
"MUR59";5;0;"DMuro";"2005"
"MUR105";9;0;"DMuro";"2006"
"MUR58";0;8;"DMuro";"2008"
"MUR27";7;1;"DMuro";"2008"
"FEL16";8;1;"DMuro";"2005"
"GRA4";3;4;"EMuro";"2005"
"MUR95";7;1;"DMuro";"2005"
"GRA5";6;1;"EMuro";"2010"
"GRA15";3;3;"EMuro";"2007"
"ARI5";0;7;"EMuro";"2007"
"PIR6";7;0;"EPirio";"2006"
"PIR85";7;0;"EPirio";"2007"
"PIR5";5;2;"EPirio";"2008"
"PIR18";6;1;"EPirio";"2006"
"FEL19";5;0;"DMuro";"2006"
"AVA14";7;0;"DMuro";"2005"
"MUR27";4;0;"DMuro";"2007"
"FEL12";9;0;"DMuro";"2007"
"MUR22";8;0;"DMuro";"2007"
"MUR22";9;0;"DMuro";"2008"
"MUR22";9;0;"DMuro";"2009"
"MUR114";6;0;"DMuro";"2007"
"MUR40";8;1;"DMuro";"2007"
"MUR101";8;0;"DMuro";"2008"
"MUR46";9;0;"DMuro";"2009"
"MUR79";11;0;"DMuro";"2005"
"MUR79";9;2;"DMuro";"2006"
"MUR25";8;0;"DMuro";"2007"
"MUR24";4;5;"DMuro";"2008"
"AVA19";9;0;"DMuro";"2004"
"AVA20";5;0;"DMuro";"2005"
"AVA10";7;0;"DMuro";"2004"
"PIR153";6;0;"EPirio";"2004"
"PIR157";7;0;"EPirio";"2005"
"PIR34";8;0;"EPirio";"2004"
"PIR29";4;1;"EPirio";"2004"
"PIR10";4;3;"EPirio";"2005"
"PIR86";6;0;"EPirio";"2007"
"PIR131";1;4;"EPirio";"2008"
"MUR59";8;0;"DMuro";"2004"
"MUR58";10;1;"DMuro";"2005"
"ARI29";5;1;"EMuro";"2007"
"ARI14";4;0;"EMuro";"2009"
"FIL15";5;1;"EMuro";"2005"
"FIL6";5;1;"EMuro";"2006"
"AVA2";7;0;"DMuro";"2004"
"MUR47";2;4;"DMuro";"2008"
"AVA11";5;0;"DMuro";"2004"
"PIR53";6;0;"EPirio";"2005"
"ARI15";3;1;"EMuro";"2008"
"ARI15";8;0;"EMuro";"2009"
"ARI15";5;1;"EMuro";"2010"
"ARI18";4;0;"EMuro";"2011"
"ARI18";1;0;"EMuro";"2012"
"GRA14";6;0;"EMuro";"2005"
"ARI16";3;0;"EMuro";"2011"
"FIL1";5;0;"EMuro";"2004"
"FIL1";5;3;"EMuro";"2005"
"FIL21";8;0;"EMuro";"2006"
"FIL6";8;0;"EMuro";"2007"
"FIL7";2;0;"EMuro";"2010"
"ARI15";7;0;"EMuro";"2005"
"FIL22";7;0;"EMuro";"2006"
"FIL4";6;0;"EMuro";"2004"
"AVA10";10;0;"DMuro";"2005"
"FIL2";9;0;"EMuro";"2005"
"FIL3";9;0;"EMuro";"2006"
"FIL2";9;0;"EMuro";"2007"
"FIL2";8;0;"EMuro";"2008"
"FIL1";8;0;"EMuro";"2009"
"FIL6";4;0;"EMuro";"2005"
"ARI3";9;0;"EMuro";"2005"
"PIR29";6;0;"EPirio";"2005"
"PIR100";6;0;"EPirio";"2005"
"PIR99";6;0;"EPirio";"2006"
"PIR98";4;0;"EPirio";"2007"
"PIR99";5;1;"EPirio";"2008"
"PIR81";6;1;"EPirio";"2005"
"PIR81";7;0;"EPirio";"2006"
"AVA13";7;0;"DMuro";"2006"
"AVA12";8;0;"DMuro";"2005"
"MUR91";2;0;"DMuro";"2005"
"AVA12";9;0;"DMuro";"2006"
"MUR112";8;0;"DMuro";"2005"
"MUR33";8;0;"DMuro";"2005"
"MUR33";6;3;"DMuro";"2006"
"MUR50";2;5;"DMuro";"2011"
"MUR39";0;10;"DMuro";"2005"
"MUR88";8;2;"DMuro";"2005"
"MUR40";8;1;"DMuro";"2006"
"MUR78";9;0;"DMuro";"2009"
"MUR89";8;1;"DMuro";"2006"
"AVA17";1;0;"DMuro";"2006"
"AVA18";9;3;"DMuro";"2007"
"AVA18";8;2;"DMuro";"2008"
"AVA17";6;1;"DMuro";"2010"
"GRA9";8;0;"EMuro";"2006"
"GRA1";7;0;"EMuro";"2007"
"PIR140";5;0;"EPirio";"2005"
"PIR7";6;0;"EPirio";"2005"
"PIR78";6;0;"EPirio";"2005"
"PIR78";4;0;"EPirio";"2006"
"PIR109";7;0;"EPirio";"2005"
"PIR104";4;0;"EPirio";"2005"
"PIR103";7;0;"EPirio";"2005"
"PIR103";0;7;"EPirio";"2006"
"PIR76";10;0;"EPirio";"2005"
"PIR77";10;0;"EPirio";"2006"
"PIR90";5;0;"EPirio";"2005"
"PIR96";4;0;"EPirio";"2006"
"PIR127";7;0;"EPirio";"2007"
"PIR129";4;1;"EPirio";"2008"
"PIR105";6;0;"EPirio";"2005"
"PIR107";6;0;"EPirio";"2006"
"PIR115";5;0;"EPirio";"2005"
"PIR118";7;0;"EPirio";"2006"
"PIR113";3;3;"EPirio";"2007"
"AVA3";7;0;"DMuro";"2007"
"GRA10";6;1;"EMuro";"2005"
"GRA14";9;0;"EMuro";"2006"
"GRA14";9;0;"EMuro";"2007"
"GRA16";6;0;"EMuro";"2005"
"GRA17";6;1;"EMuro";"2010"
"ARI20";7;0;"EMuro";"2005"
"AVA11";6;0;"DMuro";"2005"
"PIR24";8;1;"EPirio";"2005"
"PIR28";6;1;"EPirio";"2006"
"PIR9";8;0;"EPirio";"2005"
"PIR4";7;1;"EPirio";"2006"
"PIR4";1;0;"EPirio";"2007"
"FEL7";7;0;"DMuro";"2005"
"PIR125";4;0;"EPirio";"2005"
"PIR125";5;0;"EPirio";"2007"
"PIR60";7;0;"EPirio";"2005"
"PIR38";7;0;"EPirio";"2005"
"PIR121";7;0;"EPirio";"2006"
"PIR121";7;0;"EPirio";"2007"
"PIR7";3;1;"EPirio";"2007"
"PIR53";8;0;"EPirio";"2007"
"FIL3";5;0;"EMuro";"2005"
"FIL5";7;0;"EMuro";"2006"
"PIR43";5;0;"EPirio";"2005"
"PIR133";6;0;"EPirio";"2005"
"PIR133";6;0;"EPirio";"2007"
"PIR120";4;1;"EPirio";"2005"
"PIR119";7;1;"EPirio";"2006"
"PIR119";6;0;"EPirio";"2007"
"PIR45";2;3;"EPirio";"2008"
"PIR47";7;0;"EPirio";"2009"
"PIR49";7;0;"EPirio";"2010"
"PIR51";0;2;"EPirio";"2011"
"PIR33";6;0;"EPirio";"2005"
"PIR28";8;0;"EPirio";"2007"
"GRA7";9;1;"EMuro";"2006"
"GRA7";10;0;"EMuro";"2007"
"GRA15";8;0;"EMuro";"2006"
"PIR137";9;0;"EPirio";"2006"
"PIR140";3;4;"EPirio";"2007"
"PIR139";7;0;"EPirio";"2009"
"MUR45";10;0;"DMuro";"2006"
"MUR77";10;0;"DMuro";"2006"
"MUR22";8;2;"DMuro";"2006"
"MUR39";8;0;"DMuro";"2006"
"MUR31";7;0;"DMuro";"2006"
"MUR41";3;6;"DMuro";"2006"
"MUR85";10;0;"DMuro";"2006"
"MUR55";11;0;"DMuro";"2008"
"MUR25";9;1;"DMuro";"2006"
"MUR54";10;0;"DMuro";"2006"
"MUR26";8;0;"DMuro";"2007"
"MUR110";8;0;"DMuro";"2006"
"MUR56";9;0;"DMuro";"2006"
"MUR72";6;0;"DMuro";"2006"
"AVA15";9;0;"DMuro";"2007"
"AVA20";8;0;"DMuro";"2006"
"MUR95";8;0;"DMuro";"2006"
"MUR79";10;0;"DMuro";"2007"
"MUR24";5;0;"DMuro";"2006"
"MUR79";2;8;"DMuro";"2008"
"MUR44";7;1;"DMuro";"2008"
"MUR73";8;0;"DMuro";"2006"
"MUR44";8;1;"DMuro";"2009"
"MUR46";8;0;"DMuro";"2006"
"MUR30";2;8;"DMuro";"2008"
"MUR52";6;2;"DMuro";"2006"
"MUR109";8;0;"DMuro";"2007"
"AVA3";10;0;"DMuro";"2006"
"AVA7";9;0;"DMuro";"2006"
"AVA7";11;0;"DMuro";"2007"
"MUR56";12;0;"DMuro";"2007"
"MUR47";10;0;"DMuro";"2007"
"MUR45";9;0;"DMuro";"2008"
"MUR51";6;0;"DMuro";"2008"
"MUR77";6;2;"DMuro";"2008"
"MUR73";7;2;"DMuro";"2009"
"FEL7";7;0;"DMuro";"2006"
"FEL9";10;0;"DMuro";"2006"
"GRA2";9;0;"EMuro";"2006"
"GRA6";9;1;"EMuro";"2007"
"FEL17";8;0;"DMuro";"2006"
"FEL14";5;0;"DMuro";"2007"
"FIL21";0;6;"EMuro";"2009"
"PIR202";6;0;"EPirio";"2006"
"PIR108";6;2;"EPirio";"2007"
"PIR1";3;4;"EPirio";"2008"
"PIR109";7;0;"EPirio";"2009"
"PIR77";7;0;"EPirio";"2010"
"PIR80";5;1;"EPirio";"2005"
"PIR79";7;0;"EPirio";"2007"
"PIR93";6;0;"EPirio";"2005"
"PIR53";0;5;"EPirio";"2006"
"FEL11";9;0;"DMuro";"2006"
"MUR93";9;0;"DMuro";"2006"
"MUR24";7;2;"DMuro";"2007"
"MUR47";8;0;"DMuro";"2006"
"MUR57";7;3;"DMuro";"2006"
"GRA3";0;6;"EMuro";"2008"
"GRA4";0;6;"EMuro";"2007"
"GRA6";6;1;"EMuro";"2006"
"AVA1";8;0;"DMuro";"2006"
"AVA1";4;0;"DMuro";"2007"
"ARI27";6;0;"EMuro";"2006"
"MUR27";9;0;"DMuro";"2006"
"AVA18";6;0;"DMuro";"2006"
"PIR60";7;0;"EPirio";"2004"
"PIR108";8;0;"EPirio";"2004"
"PIR75";6;0;"EPirio";"2004"
"PIR75";5;1;"EPirio";"2005"
"PIR203";5;0;"EPirio";"2006"
"PIR112";8;0;"EPirio";"2007"
"PIR88";8;0;"EPirio";"2005"
"PIR89";4;0;"EPirio";"2006"
"PIR89";8;0;"EPirio";"2007"
"PIR89";6;1;"EPirio";"2008"
"PIR66";3;3;"EPirio";"2004"
"PIR66";6;0;"EPirio";"2005"
"PIR66";7;0;"EPirio";"2007"
"PIR89";0;8;"EPirio";"2004"
"PIR46";7;0;"EPirio";"2005"
"PIR74";5;3;"EPirio";"2004"
"PIR72";7;0;"EPirio";"2005"
"PIR72";3;1;"EPirio";"2006"
"PIR72";7;0;"EPirio";"2007"
"PIR73";3;2;"EPirio";"2008"
"PIR241";1;0;"EPirio";"2009"
"PIR34";7;0;"EPirio";"2005"
"PIR65";7;0;"EPirio";"2004"
"PIR28";8;0;"EPirio";"2005"
"PIR34";9;0;"EPirio";"2006"
"PIR34";8;0;"EPirio";"2007"
"PIR68";5;0;"EPirio";"2004"
"AVA2";6;0;"DMuro";"2007"
"ARI13";10;0;"EMuro";"2006"
"GRA11";8;0;"EMuro";"2006"
"FIL4";9;0;"EMuro";"2006"
"MUR48";7;0;"DMuro";"2005"
"MUR48";8;0;"DMuro";"2006"
"MUR57";10;0;"DMuro";"2007"
"MUR56";7;0;"DMuro";"2008"
"MUR73";10;1;"DMuro";"2007"
"MUR29";6;0;"DMuro";"2005"
"MUR56";7;0;"DMuro";"2009"
"MUR23";7;0;"DMuro";"2005"
"MUR54";8;1;"DMuro";"2005"
"FIL1";6;0;"EMuro";"2006"
"FIL5";5;0;"EMuro";"2007"
"FIL5";6;0;"EMuro";"2008"
"FIL1";6;0;"EMuro";"2010"
"FIL4";5;1;"EMuro";"2011"
"ARI23";0;8;"EMuro";"2005"
"PIR48";6;0;"EPirio";"2006"
"PIR48";8;0;"EPirio";"2007"
"PIR64";7;0;"EPirio";"2007"
"PIR113";8;0;"EPirio";"2005"
"PIR112";6;1;"EPirio";"2006"
"PIR1";5;0;"EPirio";"2007"
"AVA0";9;0;"DMuro";"2005"
"AVA0";9;0;"DMuro";"2006"
"AVA11";9;0;"DMuro";"2007"
"GRA13";5;0;"EMuro";"2005"
"GRA13";3;1;"EMuro";"2007"
"GRA18";4;1;"EMuro";"2008"
"AVA4";7;0;"DMuro";"2006"
"AVA21";8;0;"DMuro";"2007"
"MUR21";7;0;"DMuro";"2006"
"AVA2";7;0;"DMuro";"2006"
"AVA14";7;0;"DMuro";"2006"
"FIL15";0;5;"EMuro";"2006"
"GRA8";0;7;"EMuro";"2007"
"AVA10";6;0;"DMuro";"2006"
"AVA8";7;0;"DMuro";"2007"
"AVA11";6;0;"DMuro";"2006"
"AVA11";6;0;"DMuro";"2008"
"ARI6";5;1;"EMuro";"2006"
"FIL14";2;4;"EMuro";"2006"
"FIL19";5;0;"EMuro";"2007"
"ARI8";0;7;"EMuro";"2007"
"ARI4";7;0;"EMuro";"2006"
"PIR116";6;0;"EPirio";"2007"
"PIR155";5;0;"EPirio";"2007"
"PIR157";5;1;"EPirio";"2008"
"PIR157";3;1;"EPirio";"2009"
"PIR153";7;0;"EPirio";"2010"
"PIR154";0;7;"EPirio";"2011"
"PIR3";5;0;"EPirio";"2007"
"PIR2";1;2;"EPirio";"2008"
"PIR132";4;0;"EPirio";"2009"
"PIR12";5;0;"EPirio";"2010"
"PIR12";4;1;"EPirio";"2011"
"PIR9";5;0;"EPirio";"2012"
"PIR17";6;0;"EPirio";"2013"
"PIR51";6;0;"EPirio";"2007"
"PIR53";0;4;"EPirio";"2008"
"PIR29";0;5;"EPirio";"2007"
"PIR63";8;0;"EPirio";"2007"
"PIR69";4;0;"EPirio";"2008"
"PIR248";6;0;"EPirio";"2009"
"PIR1";8;0;"EPirio";"2006"
"PIR75";7;0;"EPirio";"2007"
"PIR158";7;0;"EPirio";"2006"
"PIR157";6;1;"EPirio";"2007"
"PIR134";7;0;"EPirio";"2006"
"PIR86";7;0;"EPirio";"2006"
"PIR81";6;0;"EPirio";"2007"
"PIR25";5;0;"EPirio";"2006"
"PIR19";8;0;"EPirio";"2007"
"PIR24";2;0;"EPirio";"2008"
"PIR62";6;0;"EPirio";"2007"
"PIR62";4;2;"EPirio";"2008"
"PIR62";5;0;"EPirio";"2009"
"PIR62";6;0;"EPirio";"2010"
"PIR159";1;6;"EPirio";"2008"
"PIR16";5;0;"EPirio";"2007"
"PIR93";5;0;"EPirio";"2006"
"PIR93";7;1;"EPirio";"2007"
"PIR94";4;2;"EPirio";"2008"
"PIR79";6;0;"EPirio";"2009"
"PIR105";5;0;"EPirio";"2006"
"PIR107";7;0;"EPirio";"2007"
"PIR107";5;0;"EPirio";"2008"
"PIR107";4;1;"EPirio";"2009"
"PIR106";4;0;"EPirio";"2011"
"PIR107";4;0;"EPirio";"2013"
"PIR155";3;7;"EPirio";"2006"
"PIR2";7;0;"EPirio";"2007"
"FEL5";5;0;"DMuro";"2007"
"MUR23";9;0;"DMuro";"2007"
"AVA4";6;0;"DMuro";"2007"
"AVA10";9;0;"DMuro";"2007"
"PIR103";5;1;"EPirio";"2011"
"PIR6";0;5;"EPirio";"2008"
"PIR102";3;0;"EPirio";"2008"
"PIR98";7;0;"EPirio";"2009"
"PIR101";5;1;"EPirio";"2010"
"PIR52";5;0;"EPirio";"2008"
"PIR54";8;1;"EPirio";"2009"
"PIR60";7;0;"EPirio";"2010"
"PIR140";0;4;"EPirio";"2010"
"PIR97";6;0;"EPirio";"2008"
"PIR28";0;6;"EPirio";"2008"
"PIR96";7;0;"EPirio";"2008"
"PIR96";7;0;"EPirio";"2009"
"PIR96";6;1;"EPirio";"2010"
"PIR79";3;2;"EPirio";"2008"
"PIR85";3;1;"EPirio";"2008"
"FEL12";9;0;"DMuro";"2010"
"AVA18";9;0;"DMuro";"2009"
"MUR95";8;0;"DMuro";"2008"
"MUR45";9;0;"DMuro";"2007"
"PIR240";0;7;"EPirio";"2009"
"PIR97";6;0;"EPirio";"2006"
"PIR26";6;1;"EPirio";"2006"
"PIR124";6;0;"EPirio";"2007"
"PIR27";4;0;"EPirio";"2008"
"PIR34";4;0;"EPirio";"2009"
"PIR34";6;0;"EPirio";"2010"
"PIR91";7;0;"EPirio";"2006"
"PIR46";2;2;"EPirio";"2006"
"PIR208";8;0;"EPirio";"2007"
"MUR37";1;4;"DMuro";"2008"
"MUR87";0;6;"DMuro";"2009"
"MUR55";10;0;"DMuro";"2007"
"MUR38";4;2;"DMuro";"2008"
"MUR38";11;0;"DMuro";"2009"
"PIR207";7;0;"EPirio";"2006"
"PIR20";5;2;"EPirio";"2006"
"PIR21";5;0;"EPirio";"2007"
"PIR133";5;0;"EPirio";"2008"
"PIR22";7;0;"EPirio";"2009"
"PIR94";7;0;"EPirio";"2006"
"PIR97";8;0;"EPirio";"2007"
"PIR92";5;0;"EPirio";"2008"
"PIR41";4;3;"EPirio";"2006"
"PIR24";5;0;"EPirio";"2006"
"PIR20";6;2;"EPirio";"2007"
"PIR47";5;0;"EPirio";"2006"
"PIR47";2;1;"EPirio";"2007"
"PIR52";5;0;"EPirio";"2006"
"PIR153";7;0;"EPirio";"2007"
"PIR46";5;1;"EPirio";"2008"
"PIR118";5;0;"EPirio";"2009"
"PIR125";5;0;"EPirio";"2006"
"PIR68";0;6;"EPirio";"2007"
"PIR98";5;0;"EPirio";"2008"
"PIR24";4;4;"EPirio";"2007"
"PIR8";0;4;"EPirio";"2008"
"PIR130";6;0;"EPirio";"2009"
"PIR54";7;0;"EPirio";"2007"
"ARI19";7;0;"EMuro";"2007"
"ARI20";0;8;"EMuro";"2008"
"FIL11";6;0;"EMuro";"2007"
"AVA19";6;1;"DMuro";"2007"
"AVA19";8;0;"DMuro";"2008"
"ARI4";0;6;"EMuro";"2007"
"FIL1";0;6;"EMuro";"2007"
"GRA10";0;7;"EMuro";"2008"
"MUR57";7;0;"DMuro";"2009"
"PIR29";7;0;"EPirio";"2008"
"PIR25";7;1;"EPirio";"2009"
"PIR77";4;0;"EPirio";"2008"
"PIR232";0;7;"EPirio";"2009"
"PIR46";8;0;"EPirio";"2010"
"PIR126";6;0;"EPirio";"2011"
"PIR127";6;0;"EPirio";"2012"
"PIR157";5;1;"EPirio";"2013"
"PIR202";2;4;"EPirio";"2008"
"PIR73";9;0;"EPirio";"2010"
"PIR113";0;4;"EPirio";"2008"
"PIR111";8;0;"EPirio";"2009"
"ARI8";0;5;"EMuro";"2008"
"MUR48";10;0;"DMuro";"2008"
"MUR110";6;0;"DMuro";"2007"
"MUR48";7;0;"DMuro";"2007"
"MUR29";6;0;"DMuro";"2007"
"MUR35";9;1;"DMuro";"2010"
"AVA22";9;0;"DMuro";"2007"
"AVA9";10;0;"DMuro";"2007"
"MUR34";9;0;"DMuro";"2009"
"MUR88";7;2;"DMuro";"2011"
"MUR88";7;0;"DMuro";"2009"
"MUR86";10;0;"DMuro";"2009"
"MUR114";7;0;"DMuro";"2008"
"MUR105";8;2;"DMuro";"2007"
"ARI7";6;3;"EMuro";"2007"
"AVA13";5;2;"DMuro";"2007"
"AVA16";8;0;"DMuro";"2008"
"FEL9";6;0;"DMuro";"2008"
"MUR46";6;6;"DMuro";"2007"
"MUR58";6;0;"DMuro";"2007"
"MUR30";4;3;"DMuro";"2007"
"MUR31";2;10;"DMuro";"2009"
"MUR109";9;1;"DMuro";"2008"
"MUR33";9;0;"DMuro";"2012"
"GRA13";4;0;"EMuro";"2008"
"GRA19";5;0;"EMuro";"2009"
"GRA19";5;0;"EMuro";"2010"
"GRA19";5;2;"EMuro";"2011"
"FIL7";7;0;"EMuro";"2008"
"FIL6";7;0;"EMuro";"2009"
"FIL6";5;0;"EMuro";"2010"
"FIL6";6;0;"EMuro";"2011"
"FIL6";6;0;"EMuro";"2012"
"MUR54";8;0;"DMuro";"2008"
"MUR53";10;1;"DMuro";"2011"
"MUR53";6;1;"DMuro";"2010"
"MUR54";11;0;"DMuro";"2009"
"MUR89";8;0;"DMuro";"2008"
"AVA9";7;0;"DMuro";"2008"
"MUR95";0;10;"DMuro";"2009"
"MUR35";6;1;"DMuro";"2009"
"MUR35";7;1;"DMuro";"2008"
"MUR57";8;0;"DMuro";"2008"
"MUR59";9;0;"DMuro";"2009"
"MUR78";6;0;"DMuro";"2010"
"MUR51";7;0;"DMuro";"2009"
"FEL5";10;0;"DMuro";"2008"
"FEL5";11;0;"DMuro";"2009"
"MUR51";9;1;"DMuro";"2010"
"MUR46";0;10;"DMuro";"2011"
"MUR45";9;0;"DMuro";"2009"
"AVA4";9;0;"DMuro";"2008"
"AVA10";7;0;"DMuro";"2008"
"MUR93";11;1;"DMuro";"2009"
"FEL12";10;0;"DMuro";"2008"
"MUR56";8;1;"DMuro";"2010"
"AVA13";6;0;"DMuro";"2008"
"AVA7";4;0;"DMuro";"2008"
"AVA8";7;0;"DMuro";"2008"
"AVA1";7;0;"DMuro";"2008"
"AVA17";7;0;"DMuro";"2008"
"AVA14";6;2;"DMuro";"2011"
"MUR39";8;0;"DMuro";"2010"
"MUR45";8;0;"DMuro";"2011"
"ARI16";7;0;"EMuro";"2008"
"ARI22";7;0;"EMuro";"2009"
"MUR99";5;3;"DMuro";"2010"
"AVA6";8;1;"DMuro";"2011"
"FEL17";7;0;"DMuro";"2010"
"FEL15";7;0;"DMuro";"2008"
"MUR99";9;0;"DMuro";"2011"
"MUR99";6;0;"DMuro";"2009"
"MUR74";7;1;"DMuro";"2011"
"MUR89";8;0;"DMuro";"2010"
"GRA14";7;0;"EMuro";"2009"
"GRA14";7;0;"EMuro";"2010"
"GRA14";7;0;"EMuro";"2011"
"GRA18";8;0;"EMuro";"2013"
"GRA14";0;6;"EMuro";"2012"
"MUR47";8;0;"DMuro";"2009"
"MUR28";7;0;"DMuro";"2009"
"ARI5";7;0;"EMuro";"2009"
"ARI17";6;0;"EMuro";"2010"
"ARI4";5;0;"EMuro";"2009"
"ARI1";4;1;"EMuro";"2010"
"ARI3";0;6;"EMuro";"2009"
"GRA11";0;8;"EMuro";"2009"
"MUR36";8;1;"DMuro";"2010"
"MUR87";11;1;"DMuro";"2011"
"FIL11";3;5;"EMuro";"2008"
"FIL11";11;0;"EMuro";"2010"
"MUR29";8;0;"DMuro";"2008"
"ARI9";6;0;"EMuro";"2008"
"GRA7";5;0;"EMuro";"2009"
"GRA5";6;0;"EMuro";"2008"
"GRA7";5;1;"EMuro";"2010"
"GRA7";7;0;"EMuro";"2011"
"GRA7";5;0;"EMuro";"2008"
"ARI3";5;1;"EMuro";"2008"
"ARI21";6;0;"EMuro";"2010"
"PIR53";5;2;"EPirio";"2009"
"PIR53";6;1;"EPirio";"2010"
"ARI22";5;2;"EMuro";"2008"
"MUR91";9;0;"DMuro";"2009"
"MUR110";7;0;"DMuro";"2008"
"MUR101";7;0;"DMuro";"2009"
"GRA14";5;2;"EMuro";"2008"
"FIL14";0;6;"EMuro";"2008"
"GRA8";4;1;"EMuro";"2008"
"MUR43";9;0;"DMuro";"2010"
"PIR202";4;1;"EPirio";"2011"
"PIR202";0;4;"EPirio";"2012"
"PIR110";8;1;"EPirio";"2013"
"PIR1";6;2;"EPirio";"2014"
"PIR3";3;0;"EPirio";"2011"
"PIR134";5;1;"EPirio";"2011"
"PIR133";6;0;"EPirio";"2012"
"PIR6";6;0;"EPirio";"2013"
"PIR6";5;0;"EPirio";"2014"
"PIR85";6;1;"EPirio";"2015"
"PIR66";4;0;"EPirio";"2011"
"PIR66";3;0;"EPirio";"2012"
"PIR66";0;8;"EPirio";"2013"
"PIR105";0;5;"EPirio";"2011"
"PIR129";1;1;"EPirio";"2011"
"PIR135";1;0;"EPirio";"2011"
"PIR135";5;0;"EPirio";"2012"
"PIR34";5;0;"EPirio";"2013"
"PIR34";7;1;"EPirio";"2014"
"PIR34";3;3;"EPirio";"2015"
"PIR28";4;3;"EPirio";"2009"
"PIR25";5;0;"EPirio";"2010"
"PIR8";6;0;"EPirio";"2010"
"PIR5";4;1;"EPirio";"2011"
"PIR16";4;0;"EPirio";"2010"
"MUR91";8;0;"DMuro";"2010"
"MUR91";6;1;"DMuro";"2011"
"AVA1";10;0;"DMuro";"2010"
"AVA1";0;10;"DMuro";"2011"
"AVA15";9;0;"DMuro";"2009"
"AVA16";4;0;"DMuro";"2011"
"AVA13";3;0;"DMuro";"2012"
"PIR6";5;2;"EPirio";"2009"
"PIR6";7;0;"EPirio";"2010"
"PIR6";6;0;"EPirio";"2011"
"PIR7";6;0;"EPirio";"2012"
"PIR207";5;0;"EPirio";"2011"
"PIR118";6;0;"EPirio";"2007"
"PIR70";7;0;"EPirio";"2008"
"PIR244";6;0;"EPirio";"2009"
"PIR22";8;0;"EPirio";"2007"
"PIR156";7;0;"EPirio";"2007"
"PIR55";5;2;"EPirio";"2007"
"MUR72";10;1;"DMuro";"2011"
"MUR51";11;0;"DMuro";"2011"
"ARI17";5;1;"EMuro";"2007"
"ARI23";7;1;"EMuro";"2008"
"AVA12";7;1;"DMuro";"2008"
"PIR91";6;0;"EPirio";"2007"
"PIR33";8;0;"EPirio";"2007"
"PIR34";6;1;"EPirio";"2008"
"PIR37";9;0;"EPirio";"2007"
"PIR124";7;1;"EPirio";"2008"
"PIR25";5;1;"EPirio";"2007"
"PIR49";5;0;"EPirio";"2007"
"PIR103";3;3;"EPirio";"2008"
"PIR103";7;0;"EPirio";"2009"
"PIR43";9;0;"EPirio";"2007"
"PIR43";4;0;"EPirio";"2008"
"PIR119";7;0;"EPirio";"2009"
"PIR64";3;4;"EPirio";"2008"
"PIR69";0;7;"EPirio";"2009"
"PIR135";7;0;"EPirio";"2007"
"PIR134";0;5;"EPirio";"2008"
"PIR133";8;0;"EPirio";"2009"
"PIR133";2;6;"EPirio";"2010"
"PIR205";5;0;"EPirio";"2011"
"PIR137";6;0;"EPirio";"2007"
"PIR88";4;0;"EPirio";"2008"
"PIR1";2;0;"EPirio";"2009"
"PIR128";6;0;"EPirio";"2007"
"PIR95";6;1;"EPirio";"2007"
"PIR87";7;0;"EPirio";"2007"
"PIR87";6;0;"EPirio";"2008"
"PIR90";3;2;"EPirio";"2007"
"PIR203";5;2;"EPirio";"2008"
"PIR202";7;0;"EPirio";"2009"
"PIR75";5;2;"EPirio";"2008"
"PIR75";6;0;"EPirio";"2009"
"PIR74";3;1;"EPirio";"2011"
"PIR106";0;5;"EPirio";"2008"
"PIR47";0;4;"EPirio";"2008"
"PIR48";4;0;"EPirio";"2008"
"PIR42";4;0;"EPirio";"2009"
"PIR132";0;6;"EPirio";"2008"
"PIR38";4;2;"EPirio";"2008"
"PIR37";8;0;"EPirio";"2009"
"PIR119";7;0;"EPirio";"2011"
"PIR207";5;1;"EPirio";"2013"
"PIR71";1;0;"EPirio";"2014"
"PIR116";2;0;"EPirio";"2015"
"PIR74";3;2;"EPirio";"2012"
"PIR112";5;0;"EPirio";"2013"
"PIR72";2;1;"EPirio";"2014"
"PIR113";3;0;"EPirio";"2015"
"PIR80";3;4;"EPirio";"2011"
"PIR235";6;0;"EPirio";"2010"
"PIR30";7;0;"EPirio";"2009"
"PIR29";8;0;"EPirio";"2011"
"PIR120";6;0;"EPirio";"2009"
"PIR120";6;0;"EPirio";"2010"
"PIR46";7;0;"EPirio";"2011"
"PIR154";3;0;"EPirio";"2013"
"PIR122";5;0;"EPirio";"2009"
"PIR125";8;0;"EPirio";"2010"
"PIR39";2;4;"EPirio";"2011"
"PIR127";6;0;"EPirio";"2009"
"PIR234";0;7;"EPirio";"2011"
"PIR15";2;3;"EPirio";"2009"
"PIR113";4;2;"EPirio";"2009"
"PIR121";3;0;"EPirio";"2010"
"PIR124";5;0;"EPirio";"2012"
"MUR75";6;0;"DMuro";"2012"
"MUR75";7;1;"DMuro";"2013"
"MUR29";6;2;"DMuro";"2010"
"MUR38";11;0;"DMuro";"2010"
"PIR32";5;1;"EPirio";"2011"
"PIR235";6;0;"EPirio";"2009"
"PIR19";7;0;"EPirio";"2009"
"PIR40";4;1;"EPirio";"2009"
"PIR40";8;1;"EPirio";"2010"
"PIR42";7;0;"EPirio";"2011"
"PIR43";5;0;"EPirio";"2012"
"PIR158";6;0;"EPirio";"2010"
"PIR73";5;0;"EPirio";"2013"
"PIR74";3;2;"EPirio";"2014"
"PIR237";4;1;"EPirio";"2015"
"PIR1";7;1;"EPirio";"2010"
"PIR101";8;0;"EPirio";"2011"
"PIR37";7;0;"EPirio";"2010"
"PIR66";6;0;"EPirio";"2009"
"PIR65";6;1;"EPirio";"2010"
"PIR48";5;1;"EPirio";"2011"
"PIR155";7;0;"EPirio";"2009"
"PIR157";7;0;"EPirio";"2010"
"PIR157";0;7;"EPirio";"2011"
"PIR239";5;2;"EPirio";"2011"
"PIR239";8;0;"EPirio";"2012"
"PIR232";8;1;"EPirio";"2013"
"PIR239";5;2;"EPirio";"2014"
"PIR239";0;8;"EPirio";"2015"
"PIR105";0;4;"EPirio";"2012"
"PIR105";8;0;"EPirio";"2013"
"PIR105";5;2;"EPirio";"2014"
"PIR202";7;0;"EPirio";"2010"
"PIR112";5;0;"EPirio";"2011"
"PIR128";8;0;"EPirio";"2010"
"PIR154";4;0;"EPirio";"2010"
"PIR52";6;0;"EPirio";"2011"
"PIR155";7;1;"EPirio";"2012"
"PIR136";4;0;"EPirio";"2010"
"PIR107";5;1;"EPirio";"2010"
"PIR87";8;0;"EPirio";"2010"
"PIR87";5;0;"EPirio";"2011"
"PIR24";5;1;"EPirio";"2010"
"PIR85";4;0;"EPirio";"2011"
"MUR95";9;0;"DMuro";"2013"
"FIL16";0;9;"EMuro";"2009"
"FIL4";6;0;"EMuro";"2009"
"MUR114";3;0;"DMuro";"2009"
"MUR24";5;0;"DMuro";"2010"
"MUR21";6;0;"DMuro";"2009"
"FIL23";5;0;"EMuro";"2009"
"FIL22";0;7;"EMuro";"2010"
"FIL24";7;1;"EMuro";"2011"
"MUR22";10;1;"DMuro";"2010"
"MUR23";6;0;"DMuro";"2010"
"MUR22";9;0;"DMuro";"2011"
"MUR23";8;0;"DMuro";"2009"
"MUR79";5;4;"DMuro";"2009"
"AVA21";9;0;"DMuro";"2010"
"GRA19";6;0;"EMuro";"2008"
"GRA15";4;1;"EMuro";"2013"
"MUR77";6;0;"DMuro";"2010"
"MUR77";11;0;"DMuro";"2011"
"FEL19";6;0;"DMuro";"2009"
"MUR42";9;0;"DMuro";"2010"
"MUR93";0;10;"DMuro";"2010"
"MUR42";9;0;"DMuro";"2011"
"MUR40";9;0;"DMuro";"2010"
"MUR42";10;0;"DMuro";"2009"
"MUR86";7;1;"DMuro";"2010"
"MUR73";0;8;"DMuro";"2012"
"MUR53";11;0;"DMuro";"2013"
"ARI25";4;0;"EMuro";"2009"
"ARI4";6;0;"EMuro";"2010"
"ARI4";9;0;"EMuro";"2011"
"ARI10";7;0;"EMuro";"2010"
"AVA8";7;0;"DMuro";"2012"
"FIL16";5;1;"EMuro";"2013"
"FIL3";8;0;"EMuro";"2010"
"FIL3";8;0;"EMuro";"2011"
"FIL3";9;0;"EMuro";"2012"
"GRA5";6;0;"EMuro";"2009"
"GRA4";6;0;"EMuro";"2010"
"GRA2";7;0;"EMuro";"2011"
"MUR31";7;0;"DMuro";"2010"
"MUR30";6;0;"DMuro";"2009"
"MUR30";7;0;"DMuro";"2010"
"MUR30";9;0;"DMuro";"2011"
"MUR59";10;2;"DMuro";"2010"
"MUR40";10;0;"DMuro";"2009"
"MUR26";4;0;"DMuro";"2010"
"MUR26";9;0;"DMuro";"2011"
"MUR85";4;1;"DMuro";"2010"
"MUR25";10;0;"DMuro";"2009"
"MUR25";8;0;"DMuro";"2010"
"ARI3";5;0;"EMuro";"2010"
"ARI23";7;1;"EMuro";"2009"
"ARI24";9;0;"EMuro";"2011"
"ARI27";8;0;"EMuro";"2013"
"GRA8";8;0;"EMuro";"2009"
"GRA8";7;0;"EMuro";"2010"
"MUR55";8;1;"DMuro";"2010"
"MUR55";9;0;"DMuro";"2011"
"MUR57";9;0;"DMuro";"2011"
"GRA5";5;0;"EMuro";"2012"
"GRA6";6;0;"EMuro";"2010"
"GRA4";5;2;"EMuro";"2014"
"GRA3";4;0;"EMuro";"2013"
"MUR95";8;1;"DMuro";"2011"
"MUR33";10;0;"DMuro";"2011"
"MUR29";6;0;"DMuro";"2011"
"MUR23";9;0;"DMuro";"2011"
"MUR24";8;0;"DMuro";"2011"
"MUR27";10;0;"DMuro";"2011"
"MUR78";9;0;"DMuro";"2011"
"AVA5";2;1;"DMuro";"2009"
"PIR114";5;0;"EPirio";"2011"
"PIR121";0;9;"EPirio";"2011"
"PIR41";4;2;"EPirio";"2012"
"PIR126";5;1;"EPirio";"2013"
"PIR103";6;0;"EPirio";"2010"
"PIR101";3;2;"EPirio";"2012"
"PIR97";7;2;"EPirio";"2011"
"PIR62";4;0;"EPirio";"2011"
"PIR42";5;0;"EPirio";"2012"
"PIR41";9;0;"EPirio";"2013"
"PIR247";6;1;"EPirio";"2014"
"MUR32";6;1;"DMuro";"2011"
"FIL2";7;0;"EMuro";"2010"
"FIL2";8;1;"EMuro";"2011"
"ARI13";4;0;"EMuro";"2010"
"ARI21";8;1;"EMuro";"2011"
"ARI22";8;0;"EMuro";"2012"
"MUR39";5;0;"DMuro";"2012"
"ARI10";7;0;"EMuro";"2011"
"FIL25";5;1;"EMuro";"2010"
"FIL22";7;0;"EMuro";"2011"
"FIL24";6;0;"EMuro";"2012"
"MUR31";9;0;"DMuro";"2011"
"ARI18";6;0;"EMuro";"2010"
"ARI5";7;1;"EMuro";"2012"
"ARI2";4;3;"EMuro";"2013"
"MUR28";3;2;"DMuro";"2015"
"MUR40";8;0;"DMuro";"2011"
"MUR87";8;1;"DMuro";"2012"
"MUR55";8;0;"DMuro";"2012"
"MUR54";9;0;"DMuro";"2013"
"MUR101";4;3;"DMuro";"2014"
"MUR41";9;2;"DMuro";"2012"
"MUR42";9;0;"DMuro";"2013"
"MUR87";10;0;"DMuro";"2014"
"MUR87";9;0;"DMuro";"2015"
"MUR43";9;0;"DMuro";"2014"
"MUR43";8;0;"DMuro";"2015"
"MUR33";9;0;"DMuro";"2010"
"ARI23";7;0;"EMuro";"2011"
"GRA5";6;0;"EMuro";"2011"
"FIL15";6;0;"EMuro";"2011"
"GRA4";6;0;"EMuro";"2012"
"MUR44";7;0;"DMuro";"2010"
"PIR18";6;3;"EPirio";"2013"
"PIR14";4;0;"EPirio";"2014"
"ARI21";5;0;"EMuro";"2015"
"FIL20";6;0;"EMuro";"2014"
"GRA8";4;0;"EMuro";"2013"
"GRA1";8;0;"EMuro";"2012"
"GRA14";0;7;"EMuro";"2014"
"GRA11";0;7;"EMuro";"2015"
"FIL19";7;0;"EMuro";"2013"
"MUR74";3;3;"DMuro";"2012"
"MUR45";9;0;"DMuro";"2013"
"MUR45";9;0;"DMuro";"2014"
"FIL8";6;0;"EMuro";"2012"
"ARI8";8;0;"EMuro";"2012"
"ARI4";4;1;"EMuro";"2012"
"ARI4";7;0;"EMuro";"2013"
"ARI15";7;0;"EMuro";"2014"
"MUR37";7;0;"DMuro";"2010"
"MUR95";7;0;"DMuro";"2010"
"MUR27";9;0;"DMuro";"2012"
"MUR27";10;0;"DMuro";"2013"
"MUR27";7;1;"DMuro";"2015"
"MUR25";8;0;"DMuro";"2016"
"GRA1";7;0;"EMuro";"2014"
"GRA1";5;0;"EMuro";"2015"
"GRA17";6;0;"EMuro";"2011"
"GRA20";0;8;"EMuro";"2011"
"MUR57";6;1;"DMuro";"2010"
"MUR44";10;1;"DMuro";"2012"
"MUR48";11;0;"DMuro";"2012"
"MUR47";10;0;"DMuro";"2013"
"MUR48";9;1;"DMuro";"2014"
"MUR59";12;0;"DMuro";"2011"
"FIL25";5;0;"EMuro";"2011"
"FIL25";6;0;"EMuro";"2012"
"FIL1";4;2;"EMuro";"2011"
"FIL1";8;0;"EMuro";"2012"
"FIL8";6;2;"EMuro";"2011"
"FIL15";4;5;"EMuro";"2013"
"FIL12";8;0;"EMuro";"2014"
"FIL13";6;2;"EMuro";"2015"
"FIL15";7;0;"EMuro";"2016"
"FIL14";5;0;"EMuro";"2011"
"MUR89";9;0;"DMuro";"2011"
"MUR47";4;1;"DMuro";"2011"
"MUR42";8;0;"DMuro";"2012"
"MUR44";5;0;"DMuro";"2011"
"MUR28";4;3;"DMuro";"2011"
"MUR28";8;1;"DMuro";"2010"
"MUR56";8;0;"DMuro";"2011"
"MUR53";7;0;"DMuro";"2012"
"MUR45";9;1;"DMuro";"2010"
"GRA11";9;0;"EMuro";"2010"
"GRA11";9;0;"EMuro";"2011"
"GRA12";3;4;"EMuro";"2010"
"MUR43";9;0;"DMuro";"2011"
"MUR34";11;0;"DMuro";"2011"
"ARI5";7;0;"EMuro";"2011"
"FIL5";7;0;"EMuro";"2010"
"AVA3";5;0;"DMuro";"2010"
"AVA4";6;0;"DMuro";"2010"
"FEL8";6;0;"DMuro";"2010"
"GRA15";7;0;"EMuro";"2010"
"MUR85";7;1;"DMuro";"2011"
"GRA13";0;8;"EMuro";"2010"
"AVA9";0;6;"DMuro";"2010"
"ARI23";5;1;"EMuro";"2010"
"PIR158";5;0;"EPirio";"2011"
"PIR26";0;6;"EPirio";"2011"
"PIR22";5;0;"EPirio";"2012"
"PIR22";6;0;"EPirio";"2013"
"PIR26";6;0;"EPirio";"2014"
"PIR26";6;1;"EPirio";"2015"
"AVA5";0;7;"DMuro";"2012"
"AVA3";1;8;"DMuro";"2013"
"FIL12";1;4;"EMuro";"2010"
"ARI11";6;0;"EMuro";"2010"
"FIL17";0;6;"EMuro";"2010"
"FIL5";7;0;"EMuro";"2011"
"FIL5";6;0;"EMuro";"2012"
"FIL4";7;0;"EMuro";"2013"
"FIL6";8;0;"EMuro";"2014"
"FIL11";5;0;"EMuro";"2015"
"FEL10";2;0;"DMuro";"2010"
"ARI7";7;0;"EMuro";"2010"
"AVA16";7;0;"DMuro";"2010"
"AVA14";9;0;"DMuro";"2010"
"AVA10";0;7;"DMuro";"2012"
"FEL5";10;0;"DMuro";"2010"
"FEL1";0;8;"DMuro";"2011"
"MUR72";8;1;"DMuro";"2008"
"MUR22";7;0;"DMuro";"2012"
"MUR22";9;0;"DMuro";"2013"
"MUR22";6;0;"DMuro";"2014"
"MUR22";7;0;"DMuro";"2015"
"MUR23";4;1;"DMuro";"2016"
"FEL16";9;0;"DMuro";"2011"
"FEL11";3;6;"DMuro";"2012"
"FEL10";7;1;"DMuro";"2013"
"AVA12";9;0;"DMuro";"2010"
"AVA12";11;0;"DMuro";"2011"
"ARI15";4;1;"EMuro";"2011"
"ARI16";5;2;"EMuro";"2012"
"MUR24";0;8;"DMuro";"2009"
"AVA22";8;1;"DMuro";"2010"
"AVA11";5;0;"DMuro";"2010"
"MUR109";11;0;"DMuro";"2009"
"AVA18";7;0;"DMuro";"2010"
"AVA20";6;0;"DMuro";"2010"
"ARI16";7;0;"EMuro";"2013"
"FIL22";3;4;"EMuro";"2012"
"MUR28";7;0;"DMuro";"2008"
"MUR105";0;1;"DMuro";"2008"
"MUR46";8;0;"DMuro";"2012"
"MUR87";1;0;"DMuro";"2007"
"MUR42";5;4;"DMuro";"2008"
"ARI1";10;0;"EMuro";"2011"
"ARI1";10;0;"EMuro";"2012"
"ARI3";7;0;"EMuro";"2011"
"ARI3";7;0;"EMuro";"2012"
"ARI11";7;0;"EMuro";"2011"
"MUR56";7;1;"DMuro";"2012"
"AVA3";2;1;"DMuro";"2011"
"AVA4";8;0;"DMuro";"2011"
"AVA7";2;1;"DMuro";"2011"
"AVA9";9;0;"DMuro";"2011"
"AVA9";7;0;"DMuro";"2012"
"AVA13";9;0;"DMuro";"2011"
"MUR45";7;1;"DMuro";"2012"
"MUR88";5;0;"DMuro";"2012"
"MUR88";5;0;"DMuro";"2013"
"MUR54";7;0;"DMuro";"2012"
"MUR57";7;0;"DMuro";"2013"
"MUR99";7;1;"DMuro";"2014"
"MUR57";8;1;"DMuro";"2012"
"MUR32";7;0;"DMuro";"2012"
"MUR30";4;0;"DMuro";"2012"
"MUR33";8;0;"DMuro";"2013"
"MUR32";8;1;"DMuro";"2014"
"MUR32";9;0;"DMuro";"2015"
"FIL11";0;6;"EMuro";"2012"
"FIL6";8;0;"EMuro";"2013"
"ARI11";4;0;"EMuro";"2012"
"ARI9";6;0;"EMuro";"2013"
"ARI4";7;0;"EMuro";"2014"
"ARI3";8;1;"EMuro";"2015"
"ARI23";5;3;"EMuro";"2012"
"MUR25";7;0;"DMuro";"2012"
"MUR23";6;2;"DMuro";"2013"
"MUR23";7;0;"DMuro";"2014"
"MUR24";6;1;"DMuro";"2016"
"MUR28";7;0;"DMuro";"2012"
"MUR29";8;0;"DMuro";"2013"
"MUR29";7;0;"DMuro";"2015"
"MUR26";6;0;"DMuro";"2012"
"MUR23";5;0;"DMuro";"2012"
"AVA11";8;0;"DMuro";"2012"
"AVA6";5;0;"DMuro";"2012"
"AVA7";8;0;"DMuro";"2012"
"FIL3";7;0;"EMuro";"2014"
"ARI24";6;1;"EMuro";"2014"
"ARI23";4;2;"EMuro";"2015"
"ARI24";7;0;"EMuro";"2016"
"PIR86";0;6;"EPirio";"2010"
"FEL19";8;0;"DMuro";"2013"
"FEL20";10;0;"DMuro";"2014"
"MUR26";8;0;"DMuro";"2013"
"MUR26";6;1;"DMuro";"2014"
"FEL6";7;0;"DMuro";"2012"
"AVA10";9;0;"DMuro";"2013"
"MUR85";5;1;"DMuro";"2012"
"MUR85";7;0;"DMuro";"2013"
"MUR88";7;0;"DMuro";"2014"
"AVA4";7;0;"DMuro";"2012"
"ARI5";6;0;"EMuro";"2015"
"ARI2";0;8;"EMuro";"2014"
"ARI19";7;0;"EMuro";"2013"
"ARI19";7;2;"EMuro";"2014"
"FIL5";4;1;"EMuro";"2014"
"FIL6";6;2;"EMuro";"2016"
"MUR88bis";6;0;"DMuro";"2014"
"MUR33";0;6;"DMuro";"2015"
"FIL20";9;0;"EMuro";"2012"
"FIL20";8;0;"EMuro";"2013"
"AVA20";8;0;"DMuro";"2014"
"AVA20";7;0;"DMuro";"2015"
"AVA20";8;0;"DMuro";"2016"
"ARI7";7;2;"EMuro";"2012"
"ARI6";9;0;"EMuro";"2013"
"ARI5";9;0;"EMuro";"2014"
"MUR59";3;3;"DMuro";"2012"
"MUR89";9;0;"DMuro";"2013"
"AVA15";0;4;"DMuro";"2012"
"ARI6";5;2;"EMuro";"2012"
"ARI7";9;0;"EMuro";"2013"
"FIL10";4;0;"EMuro";"2013"
"FIL11";1;8;"EMuro";"2014"
"FIL12";9;0;"EMuro";"2015"
"FIL10";9;0;"EMuro";"2016"
"FIL12";10;0;"EMuro";"2017"
"ARI30";7;0;"EMuro";"2013"
"ARI30";8;0;"EMuro";"2014"
"ARI28";5;2;"EMuro";"2015"
"ARI30";7;0;"EMuro";"2016"
"ARI29";7;1;"EMuro";"2017"
"FIL21";5;5;"EMuro";"2012"
"FEL14";5;2;"DMuro";"2012"
"FEL9";4;3;"DMuro";"2012"
"FEL5";8;0;"DMuro";"2013"
"FEL7";9;0;"DMuro";"2014"
"FEL5";9;0;"DMuro";"2015"
"FEL7";8;0;"DMuro";"2016"
"MUR24";2;4;"DMuro";"2012"
"AVA22";7;0;"DMuro";"2012"
"AVA22";2;0;"DMuro";"2013"
"AVA21";7;2;"DMuro";"2014"
"MUR44";10;0;"DMuro";"2013"
"MUR75";11;0;"DMuro";"2014"
"MUR97";7;0;"DMuro";"2015"
"MUR48";9;0;"DMuro";"2016"
"MUR73";8;1;"DMuro";"2013"
"MUR53";7;0;"DMuro";"2014"
"MUR51";9;0;"DMuro";"2013"
"MUR55";9;1;"DMuro";"2013"
"MUR38";7;1;"DMuro";"2013"
"MUR50";9;0;"DMuro";"2012"
"MUR50";7;0;"DMuro";"2013"
"MUR43";8;0;"DMuro";"2012"
"MUR40";4;1;"DMuro";"2013"
"FEL19";7;1;"DMuro";"2012"
"FEL8";9;0;"DMuro";"2012"
"FEL9";11;0;"DMuro";"2014"
"FEL9";10;0;"DMuro";"2015"
"FEL8";7;3;"DMuro";"2016"
"FEL9";9;0;"DMuro";"2017"
"MUR101";3;0;"DMuro";"2012"
"AVA3";6;0;"DMuro";"2012"
"AVA7";9;0;"DMuro";"2013"
"MUR47";8;0;"DMuro";"2012"
"MUR49";5;0;"DMuro";"2013"
"MUR37";6;0;"DMuro";"2012"
"FEL12";9;1;"DMuro";"2011"
"FEL9";0;7;"DMuro";"2011"
"FEL6";0;8;"DMuro";"2011"
"FEL10";7;1;"DMuro";"2012"
"FEL15";0;10;"DMuro";"2011"
"FEL15";10;0;"DMuro";"2012"
"FEL14";10;1;"DMuro";"2013"
"FEL14";9;1;"DMuro";"2014"
"PIR159";0;6;"EPirio";"2011"
"PIR159";3;0;"EPirio";"2012"
"MUR48";6;2;"DMuro";"2015"
"GRA20";7;0;"EMuro";"2012"
"FEL20";5;0;"DMuro";"2012"
"MUR91";4;0;"DMuro";"2012"
"MUR91";8;0;"DMuro";"2013"
"GRA5";8;0;"EMuro";"2013"
"MUR97";3;4;"DMuro";"2012"
"MUR99";6;0;"DMuro";"2013"
"PIR139";4;0;"EPirio";"2014"
"PIR120";7;0;"EPirio";"2013"
"PIR139";3;4;"EPirio";"2011"
"PIR22";3;1;"EPirio";"2011"
"PIR26";6;0;"EPirio";"2012"
"PIR26";5;0;"EPirio";"2013"
"PIR47";5;1;"EPirio";"2011"
"PIR16";3;3;"EPirio";"2011"
"ARI11";5;0;"EMuro";"2013"
"GRA7";0;7;"EMuro";"2016"
"GRA3";5;0;"EMuro";"2015"
"GRA6";3;0;"EMuro";"2014"
"MUR72";0;6;"DMuro";"2012"
"MUR32";8;1;"DMuro";"2013"
"AVA11";8;0;"DMuro";"2011"
"FIL7";7;0;"EMuro";"2012"
"FIL11";8;0;"EMuro";"2013"
"FEL1";5;1;"DMuro";"2012"
"FEL19";7;1;"DMuro";"2011"
"GRA15";7;0;"EMuro";"2011"
"GRA16";5;0;"EMuro";"2014"
"GRA14";7;0;"EMuro";"2013"
"MUR77";9;0;"DMuro";"2007"
"MUR25";7;1;"DMuro";"2008"
"ARI15";6;0;"EMuro";"2012"
"ARI3";7;0;"EMuro";"2013"
"ARI11";7;0;"EMuro";"2014"
"GRA9";6;0;"EMuro";"2014"
"MUR93";6;1;"DMuro";"2007"
"FIL21";0;8;"EMuro";"2011"
"ARI9";0;1;"EMuro";"2011"
"FEL14";5;0;"DMuro";"2011"
"AVA15";6;0;"DMuro";"2011"
"MUR21";8;0;"DMuro";"2012"
"MUR93";0;7;"DMuro";"2012"
"MUR56";9;0;"DMuro";"2013"
"MUR57";8;1;"DMuro";"2014"
"MUR97";4;2;"DMuro";"2007"
"MUR58";11;0;"DMuro";"2012"
"MUR59";5;0;"DMuro";"2008"
"MUR30";8;0;"DMuro";"2013"
"MUR99";9;1;"DMuro";"2008"
"MUR72";10;0;"DMuro";"2013"
"MUR59";11;0;"DMuro";"2013"
"MUR32";5;1;"DMuro";"2010"
"MUR89";9;0;"DMuro";"2012"
"FEL10";5;2;"DMuro";"2011"
"FEL17";7;0;"DMuro";"2011"
"MUR49";8;0;"DMuro";"2011"
"ARI30";8;1;"EMuro";"2012"
"FIL17";0;9;"EMuro";"2011"
"PIR230";6;1;"EPirio";"2011"
"MUR91";9;0;"DMuro";"2015"
"ARI12";5;0;"EMuro";"2014"
"ARI27";6;0;"EMuro";"2015"
"PIR16";3;4;"EPirio";"2014"
"PIR1";4;1;"EPirio";"2012"
"PIR230";0;4;"EPirio";"2012"
"PIR47";7;0;"EPirio";"2013"
"PIR62";5;0;"EPirio";"2014"
"PIR64";6;0;"EPirio";"2015"
"PIR63";4;0;"EPirio";"2016"
"PIR96";0;5;"EPirio";"2012"
"PIR158";5;0;"EPirio";"2012"
"PIR159";6;0;"EPirio";"2013"
"PIR159";5;0;"EPirio";"2014"
"PIR159";7;0;"EPirio";"2015"
"PIR95";7;0;"EPirio";"2013"
"MUR99";6;1;"DMuro";"2012"
"MUR89";9;0;"DMuro";"2014"
"AVA18";5;0;"DMuro";"2012"
"AVA16";4;2;"DMuro";"2012"
"MUR35";5;0;"DMuro";"2012"
"PIR16";8;1;"EPirio";"2013"
"MUR101";9;0;"DMuro";"2013"
"MUR58";10;0;"DMuro";"2013"
"MUR56";10;0;"DMuro";"2014"
"PIR90";0;6;"EPirio";"2013"
"PIR81";3;2;"EPirio";"2013"
"PIR81";4;0;"EPirio";"2014"
"FEL3";11;0;"DMuro";"2014"
"GRA2";8;0;"EMuro";"2014"
"GRA17";0;7;"EMuro";"2016"
"PIR53";7;1;"EPirio";"2013"
"PIR48";5;1;"EPirio";"2013"
"PIR49";5;0;"EPirio";"2014"
"PIR153";6;2;"EPirio";"2014"
"PIR51";9;0;"EPirio";"2015"
"PIR46";6;1;"EPirio";"2016"
"PIR67";5;2;"EPirio";"2013"
"MUR34";4;1;"DMuro";"2013"
"FIL25";7;0;"EMuro";"2013"
"AVA11";8;0;"DMuro";"2013"
"AVA14";8;2;"DMuro";"2013"
"AVA16";9;2;"DMuro";"2014"
"PIR64";6;1;"EPirio";"2013"
"PIR57";3;1;"EPirio";"2014"
"PIR85";5;0;"EPirio";"2013"
"PIR85";4;1;"EPirio";"2014"
"PIR80";6;1;"EPirio";"2013"
"PIR89";4;0;"EPirio";"2013"
"PIR128";6;1;"EPirio";"2013"
"PIR129";0;7;"EPirio";"2014"
"ARI1";6;1;"EMuro";"2014"
"ARI1";0;10;"EMuro";"2015"
"FEL20";6;0;"DMuro";"2016"
"FIL5";8;0;"EMuro";"2013"
"FIL4";8;0;"EMuro";"2014"
"FIL5";7;0;"EMuro";"2015"
"ARI28";6;0;"EMuro";"2014"
"MUR27";8;0;"DMuro";"2014"
"MUR25";10;0;"DMuro";"2014"
"GRA8";9;0;"EMuro";"2014"
"GRA11";5;0;"EMuro";"2016"
"GRA9";0;8;"EMuro";"2015"
"MUR95";5;1;"DMuro";"2014"
"AVA1";7;0;"DMuro";"2014"
"AVA11";8;0;"DMuro";"2015"
"AVA11";9;0;"DMuro";"2014"
"AVA4";9;0;"DMuro";"2014"
"AVA7";7;0;"DMuro";"2014"
"AVA9";9;0;"DMuro";"2014"
"AVA10";8;0;"DMuro";"2016"
"AVA10";8;0;"DMuro";"2014"
"FEL1";7;1;"DMuro";"2013"
"MUR34";7;1;"DMuro";"2015"
"GRA15";0;8;"EMuro";"2015"
"AVA1";7;1;"DMuro";"2019"
"GRA1";11;0;"EMuro";"2019"
"MUR53";7;1;"DMuro";"2015"
"MUR77";8;1;"DMuro";"2014"
"MUR55";7;2;"DMuro";"2015"
"FIL23";4;1;"EMuro";"2014"
"FIL22";9;0;"EMuro";"2016"
"FIL23";9;0;"EMuro";"2017"
"ARI13";7;0;"EMuro";"2014"
"FEL4";6;0;"DMuro";"2018"
"MUR46";5;1;"DMuro";"2013"
"MUR51";9;0;"DMuro";"2014"
"MUR37";5;0;"DMuro";"2013"
"AVA18";8;1;"DMuro";"2013"
"AVA18";8;0;"DMuro";"2014"
"ARI16";6;0;"EMuro";"2015"
"ARI18";6;0;"EMuro";"2016"
"ARI18";5;0;"EMuro";"2017"
"ARI16";5;0;"EMuro";"2018"
"ARI18";7;0;"EMuro";"2013"
"ARI15";5;0;"EMuro";"2013"
"FIL3";7;0;"EMuro";"2013"
"ARI23";5;0;"EMuro";"2013"
"FIL20";6;1;"EMuro";"2015"
"ARI11";0;7;"EMuro";"2015"
"PIR101";6;1;"EPirio";"2015"
"FIL19bis";7;0;"EMuro";"2014"
"FIL14";0;6;"EMuro";"2013"
"FIL16";8;0;"EMuro";"2015"
"FIL8";4;0;"EMuro";"2016"
"FIL7";5;0;"EMuro";"2017"
"MUR35";7;1;"DMuro";"2013"
"MUR21";7;0;"DMuro";"2013"
"MUR21";7;0;"DMuro";"2014"
"MUR21";9;0;"DMuro";"2015"
"MUR24";7;0;"DMuro";"2013"
"MUR45";7;0;"DMuro";"2015"
"AVA13";7;2;"DMuro";"2014"
"ARI18";5;1;"EMuro";"2014"
"ARI18";7;0;"EMuro";"2015"
"ARI11";6;0;"EMuro";"2016"
"ARI7";9;0;"EMuro";"2017"
"PIR159";7;0;"EPirio";"2016"
"PIR159";0;7;"EPirio";"2017"
"MUR75";3;2;"DMuro";"2015"
"MUR72";7;0;"DMuro";"2016"
"MUR47";7;0;"DMuro";"2015"
"MUR46";6;2;"DMuro";"2015"
"MUR44";10;0;"DMuro";"2016"
"MUR46";9;0;"DMuro";"2017"
"MUR46";9;0;"DMuro";"2018"
"MUR57";5;2;"DMuro";"2015"
"MUR51";5;1;"DMuro";"2015"
"MUR88";7;1;"DMuro";"2015"
"MUR88bis";0;8;"DMuro";"2016"
"MUR86";6;0;"DMuro";"2017"
"MUR88";7;2;"DMuro";"2018"
"MUR42";11;0;"DMuro";"2015"
"MUR43";11;0;"DMuro";"2016"
"ARI23";6;0;"EMuro";"2016"
"FIL22";0;8;"EMuro";"2015"
"AVA12";7;0;"DMuro";"2015"
"AVA15";7;0;"DMuro";"2015"
"AVA18";6;0;"DMuro";"2015"
"AVA22";8;0;"DMuro";"2015"
"AVA6";7;0;"DMuro";"2016"
"AVA4";8;0;"DMuro";"2015"
"AVA8";8;1;"DMuro";"2015"
"AVA9";8;0;"DMuro";"2015"
"MUR24";9;0;"DMuro";"2015"
"MUR30";8;0;"DMuro";"2015"
"MUR31";7;0;"DMuro";"2015"
"MUR31";7;0;"DMuro";"2016"
"MUR23";8;1;"DMuro";"2015"
"FIL3";8;0;"EMuro";"2015"
"FIL19bis";6;0;"EMuro";"2015"
"GRA12";0;7;"EMuro";"2018"
"GRA9";6;1;"EMuro";"2016"
"GRA1";7;0;"EMuro";"2017"
"FEL11";9;0;"DMuro";"2015"
"FEL14";7;1;"DMuro";"2015"
"FEL15";9;0;"DMuro";"2015"
"PIR65";4;2;"EPirio";"2015"
"PIR65";5;0;"EPirio";"2016"
"PIR65";6;0;"EPirio";"2017"
"PIR91";5;2;"EPirio";"2016"
"PIR1";7;0;"EPirio";"2015"
"PIR1";5;0;"EPirio";"2016"
"PIR1";5;2;"EPirio";"2017"
"PIR154";7;1;"EPirio";"2015"
"PIR155";6;1;"EPirio";"2016"
"PIR55";5;0;"EPirio";"2017"
"PIR60";7;0;"EPirio";"2015"
"PIR56";6;0;"EPirio";"2016"
"PIR157";6;0;"EPirio";"2015"
"PIR127";5;0;"EPirio";"2015"
"PIR18";7;2;"EPirio";"2015"
"PIR15";6;1;"EPirio";"2016"
"PIR35";6;0;"EPirio";"2015"
"PIR48";5;1;"EPirio";"2015"
"PIR47";4;0;"EPirio";"2016"
"PIR49";6;0;"EPirio";"2017"
"PIR62";5;1;"EPirio";"2018"
"PIR1";6;0;"EPirio";"2019"
"FEL1";7;0;"DMuro";"2015"
"ARI6";6;0;"EMuro";"2014"
"PIR32";7;0;"EPirio";"2013"
"PIR101";7;0;"EPirio";"2013"
"PIR104";7;0;"EPirio";"2014"
"MUR87";9;0;"DMuro";"2013"
"MUR43";9;1;"DMuro";"2013"
"PIR32";7;0;"EPirio";"2015"
"PIR39";2;4;"EPirio";"2014"
"PIR40";8;1;"EPirio";"2015"
"PIR41";0;5;"EPirio";"2018"
"PIR8";2;1;"EPirio";"2013"
"PIR80";4;0;"EPirio";"2014"
"PIR80";5;1;"EPirio";"2015"
"PIR105";8;0;"EPirio";"2015"
"PIR114";5;0;"EPirio";"2014"
"PIR44";4;0;"EPirio";"2014"
"PIR208";3;4;"EPirio";"2015"
"PIR44";5;0;"EPirio";"2016"
"PIR207";4;0;"EPirio";"2017"
"MUR44";0;8;"DMuro";"2015"
"MUR53";9;0;"DMuro";"2016"
"MUR47";9;0;"DMuro";"2017"
"FEL19";5;0;"DMuro";"2014"
"FEL19";9;0;"DMuro";"2015"
"FEL10";7;2;"DMuro";"2014"
"MUR91";5;2;"DMuro";"2014"
"MUR38";8;0;"DMuro";"2014"
"MUR56";8;0;"DMuro";"2015"
"MUR56";8;0;"DMuro";"2016"
"MUR89";9;0;"DMuro";"2015"
"PIR158";5;0;"EPirio";"2013"
"PIR158";5;0;"EPirio";"2014"
"PIR158";6;0;"EPirio";"2015"
"PIR42";6;0;"EPirio";"2016"
"PIR41";6;0;"EPirio";"2017"
"PIR98";6;0;"EPirio";"2013"
"PIR98";3;0;"EPirio";"2014"
"PIR134";2;3;"EPirio";"2014"
"PIR134";7;0;"EPirio";"2015"
"PIR135";6;0;"EPirio";"2016"
"PIR135";6;1;"EPirio";"2014"
"PIR135";9;0;"EPirio";"2015"
"PIR132";5;0;"EPirio";"2014"
"PIR132";9;0;"EPirio";"2015"
"PIR12";6;0;"EPirio";"2016"
"GRA14";0;6;"EMuro";"2016"
"GRA17";0;7;"EMuro";"2014"
"GRA6";2;7;"EMuro";"2015"
"ARI30";6;0;"EMuro";"2015"
"FIL8";0;7;"EMuro";"2015"
"FIL5";6;0;"EMuro";"2016"
"ARI15";8;0;"EMuro";"2015"
"ARI2";2;6;"EMuro";"2016"
"AVA15";6;0;"DMuro";"2014"
"AVA17";6;0;"DMuro";"2015"
"GRA12";5;0;"EMuro";"2016"
"GRA11";6;0;"EMuro";"2014"
"GRA7";8;0;"EMuro";"2015"
"FIL14";5;3;"EMuro";"2014"
"FIL14";6;0;"EMuro";"2015"
"FIL12";7;0;"EMuro";"2016"
"FIL10";7;0;"EMuro";"2017"
"FIL15";4;2;"EMuro";"2014"
"FEL15";5;2;"DMuro";"2013"
"AVA5";6;0;"DMuro";"2013"
"FEL11";6;2;"DMuro";"2013"
"FEL16";7;2;"DMuro";"2014"
"PIR37";7;0;"EPirio";"2014"
"PIR120";5;3;"EPirio";"2015"
"PIR37";7;0;"EPirio";"2016"
"PIR45";7;0;"EPirio";"2017"
"ARI22";0;6;"EMuro";"2013"
"FIL1";8;0;"EMuro";"2014"
"FIL1";7;0;"EMuro";"2015"
"FIL1";8;0;"EMuro";"2016"
"FIL3";6;0;"EMuro";"2016"
"FIL5";7;0;"EMuro";"2017"
"PIR243";8;0;"EPirio";"2017"
"PIR245";7;1;"EPirio";"2018"
"MUR45";9;0;"DMuro";"2017"
"MUR44";9;1;"DMuro";"2018"
"MUR38";6;0;"DMuro";"2016"
"MUR72";6;0;"DMuro";"2017"
"ARI19";4;1;"EMuro";"2016"
"ARI19";6;0;"EMuro";"2018"
"MUR101";10;0;"DMuro";"2016"
"MUR93";10;0;"DMuro";"2015"
"MUR38";9;0;"DMuro";"2015"
"PIR66";3;0;"EPirio";"2016"
"PIR43";6;0;"EPirio";"2017"
"PIR207";6;0;"EPirio";"2018"
"MUR34";10;0;"DMuro";"2018"
"MUR95";7;0;"DMuro";"2016"
"ARI4";7;0;"EMuro";"2016"
"MUR51";9;0;"DMuro";"2017"
"MUR91";7;0;"DMuro";"2016"
"MUR91";9;0;"DMuro";"2017"
"MUR88bis";0;6;"DMuro";"2015"
"MUR35";7;0;"DMuro";"2015"
"AVA5";7;0;"DMuro";"2015"
"AVA5";6;1;"DMuro";"2016"
"MUR72";7;1;"DMuro";"2014"
"MUR78";7;0;"DMuro";"2014"
"MUR85";7;1;"DMuro";"2014"
"MUR85";8;0;"DMuro";"2015"
"MUR44";8;1;"DMuro";"2014"
"MUR77";10;0;"DMuro";"2015"
"MUR55";6;0;"DMuro";"2014"
"MUR58";10;0;"DMuro";"2015"
"ARI16";7;0;"EMuro";"2014"
"MUR40";9;0;"DMuro";"2014"
"MUR31";7;0;"DMuro";"2014"
"MUR39";8;0;"DMuro";"2014"
"FEL3";4;0;"DMuro";"2015"
"FEL1";7;0;"DMuro";"2017"
"MUR55";8;0;"DMuro";"2018"
"MUR87";6;1;"DMuro";"2018"
"MUR22";6;1;"DMuro";"2018"
"MUR26";7;0;"DMuro";"2018"
"MUR27";10;0;"DMuro";"2018"
"MUR28";10;0;"DMuro";"2018"
"MUR32";3;0;"DMuro";"2018"
"MUR88bis";7;1;"DMuro";"2018"
"ARI27";8;0;"EMuro";"2018"
"ARI6";3;4;"EMuro";"2018"
"AVA14";6;0;"DMuro";"2014"
"ARI26";7;0;"EMuro";"2014"
"GRA11";6;1;"EMuro";"2017"
"GRA13";0;7;"EMuro";"2015"
"GRA3";4;1;"EMuro";"2014"
"GRA13";7;0;"EMuro";"2016"
"FIL8";5;0;"EMuro";"2014"
"FIL4";9;0;"EMuro";"2015"
"FIL19bis";7;0;"EMuro";"2016"
"FIL8";6;0;"EMuro";"2017"
"FIL11";2;0;"EMuro";"2018"
"PIR204";7;0;"EPirio";"2017"
"PIR204";7;0;"EPirio";"2018"
"AVA8";6;0;"DMuro";"2016"
"PIR157";4;0;"EPirio";"2014"
"PIR124";3;4;"EPirio";"2014"
"PIR77";4;1;"EPirio";"2014"
"PIR94";5;0;"EPirio";"2014"
"FIL15";6;0;"EMuro";"2015"
"FIL16";4;1;"EMuro";"2016"
"FIL14";5;0;"EMuro";"2017"
"FIL16";6;0;"EMuro";"2018"
"FEL20";6;0;"DMuro";"2015"
"MUR28";4;0;"DMuro";"2016"
"ARI10";0;8;"EMuro";"2015"
"MUR50";7;1;"DMuro";"2015"
"FEL17";9;0;"DMuro";"2016"
"FEL11";7;0;"DMuro";"2016"
"FEL12";7;1;"DMuro";"2017"
"FEL4";7;0;"DMuro";"2017"
"PIR29";5;1;"EPirio";"2016"
"PIR32";4;0;"EPirio";"2017"
"PIR114";5;0;"EPirio";"2016"
"PIR114";5;0;"EPirio";"2017"
"PIR51";6;0;"EPirio";"2018"
"PIR99";5;0;"EPirio";"2016"
"PIR100";6;0;"EPirio";"2017"
"PIR89";9;0;"EPirio";"2015"
"PIR21";7;0;"EPirio";"2014"
"PIR121";9;0;"EPirio";"2015"
"PIR12";0;5;"EPirio";"2014"
"PIR202";3;4;"EPirio";"2015"
"PIR5";5;0;"EPirio";"2016"
"FEL2";6;0;"DMuro";"2019"
"FIL25";4;2;"EMuro";"2016"
"FIL25";3;0;"EMuro";"2017"
"GRA1";3;1;"EMuro";"2016"
"AVA7";6;1;"DMuro";"2015"
"AVA7";7;0;"DMuro";"2016"
"ARI20";8;0;"EMuro";"2016"
"ARI20";10;0;"EMuro";"2017"
"PIR103";6;0;"EPirio";"2016"
"PIR101";7;0;"EPirio";"2017"
"MUR34";8;0;"DMuro";"2016"
"MUR31";9;0;"DMuro";"2017"
"MUR31";3;2;"DMuro";"2018"
"AVA3";3;0;"DMuro";"2019"
"FIL1";6;0;"EMuro";"2017"
"ARI7";3;4;"EMuro";"2016"
"ARI2";10;0;"EMuro";"2017"
"ARI13";7;0;"EMuro";"2018"
"PIR138";5;0;"EPirio";"2016"
"PIR133";3;1;"EPirio";"2017"
"ARI3";5;2;"EMuro";"2019"
"FIL3";8;0;"EMuro";"2019"
"FIL9";3;1;"EMuro";"2015"
"MUR26";0;6;"DMuro";"2015"
"GRA19";0;5;"EMuro";"2015"
"GRA16";0;7;"EMuro";"2015"
"MUR41";8;0;"DMuro";"2015"
"MUR40";8;1;"DMuro";"2016"
"ARI6";1;5;"EMuro";"2015"
"MUR59";6;0;"DMuro";"2015"
"MUR77";6;0;"DMuro";"2016"
"MUR53";6;0;"DMuro";"2017"
"MUR74";7;1;"DMuro";"2018"
"FEL1";2;8;"DMuro";"2018"
"ARI26";6;1;"EMuro";"2015"
"ARI10";0;7;"EMuro";"2016"
"ARI4";8;0;"EMuro";"2017"
"PIR97";5;0;"EPirio";"2015"
"PIR81";8;1;"EPirio";"2015"
"PIR20";7;0;"EPirio";"2015"
"PIR86";6;1;"EPirio";"2015"
"PIR127";8;1;"EPirio";"2018"
"MUR45";9;1;"DMuro";"2018"
"MUR35";8;0;"DMuro";"2016"
"MUR34";8;0;"DMuro";"2017"
"MUR85";4;3;"DMuro";"2018"
"MUR51";8;0;"DMuro";"2016"
"AVA7";6;0;"DMuro";"2017"
"FEL14";10;1;"DMuro";"2016"
"MUR23";8;0;"DMuro";"2018"
"MUR85";8;0;"DMuro";"2016"
"MUR88";6;0;"DMuro";"2017"
"MUR45";8;0;"DMuro";"2016"
"MUR40";9;0;"DMuro";"2018"
"AVA3";9;0;"DMuro";"2016"
"MUR74";7;0;"DMuro";"2016"
"MUR52";9;0;"DMuro";"2017"
"MUR51";8;0;"DMuro";"2018"
"FIL10";6;0;"EMuro";"2018"
"AVA13";8;0;"DMuro";"2016"
"AVA14";8;1;"DMuro";"2017"
"ARI16";5;0;"EMuro";"2016"
"ARI23";8;0;"EMuro";"2017"
"ARI24";7;0;"EMuro";"2018"
"GRA5";0;7;"EMuro";"2017"
"GRA4";8;0;"EMuro";"2019"
"AVA4";9;0;"DMuro";"2019"
"PIR4";4;2;"EPirio";"2019"
"PIR39";6;2;"EPirio";"2015"
"ARI21";9;0;"EMuro";"2017"
"MUR49";5;0;"DMuro";"2016"
"MUR76";5;0;"DMuro";"2017"
"MUR75bis";4;0;"DMuro";"2018"
"MUR55";7;2;"DMuro";"2016"
"MUR57";8;0;"DMuro";"2016"
"MUR59";9;0;"DMuro";"2016"
"MUR21";9;0;"DMuro";"2016"
"MUR89";8;0;"DMuro";"2016"
"MUR89";8;0;"DMuro";"2017"
"MUR27";10;1;"DMuro";"2016"
"MUR25";8;0;"DMuro";"2017"
"MUR58";0;7;"DMuro";"2016"
"MUR29";8;0;"DMuro";"2016"
"MUR27";8;1;"DMuro";"2017"
"MUR42";8;0;"DMuro";"2016"
"MUR42";8;0;"DMuro";"2017"
"MUR42";7;0;"DMuro";"2018"
"MUR32";9;0;"DMuro";"2016"
"MUR33";10;0;"DMuro";"2017"
"MUR40";7;0;"DMuro";"2017"
"MUR87";8;0;"DMuro";"2016"
"AVA12";6;1;"DMuro";"2016"
"AVA3";10;0;"DMuro";"2017"
"AVA11";5;0;"DMuro";"2016"
"AVA14";5;1;"DMuro";"2016"
"AVA15";7;1;"DMuro";"2017"
"AVA4";7;0;"DMuro";"2016"
"AVA18";8;0;"DMuro";"2016"
"AVA9";8;0;"DMuro";"2016"
"AVA8";8;0;"DMuro";"2017"
"ARI21";8;0;"EMuro";"2016"
"ARI26";7;0;"EMuro";"2016"
"ARI15";8;0;"EMuro";"2017"
"ARI6";3;5;"EMuro";"2016"
"ARI5";0;5;"EMuro";"2017"
"FIL4";7;0;"EMuro";"2016"
"FIL4";8;0;"EMuro";"2017"
"FIL17";8;0;"EMuro";"2016"
"GRA14";9;0;"EMuro";"2018"
"GRA19";8;0;"EMuro";"2016"
"GRA8";7;0;"EMuro";"2016"
"GRA3";9;0;"EMuro";"2016"
"GRA4";9;0;"EMuro";"2016"
"PIR157";5;0;"EPirio";"2016"
"PIR154";6;0;"EPirio";"2017"
"PIR53";6;0;"EPirio";"2016"
"PIR71";6;1;"EPirio";"2016"
"PIR71";6;0;"EPirio";"2017"
"PIR122";4;0;"EPirio";"2016"
"PIR125";7;1;"EPirio";"2017"
"PIR123";8;0;"EPirio";"2017"
"PIR38";3;0;"EPirio";"2018"
"FEL5";5;0;"DMuro";"2019"
"PIR243";4;0;"EPirio";"2016"
"PIR235";6;0;"EPirio";"2016"
"PIR81";5;1;"EPirio";"2016"
"PIR85";7;0;"EPirio";"2017"
"MUR88";0;9;"DMuro";"2016"
"MUR37";8;0;"DMuro";"2017"
"MUR30";7;1;"DMuro";"2016"
"AVA18";8;1;"DMuro";"2017"
"AVA16";6;0;"DMuro";"2018"
"PIR5";7;1;"EPirio";"2019"
"FIL5";8;1;"EMuro";"2019"
"PIR128";7;0;"EPirio";"2015"
"PIR69";2;4;"EPirio";"2015"
"PIR68";6;0;"EPirio";"2016"
"PIR46";4;0;"EPirio";"2017"
"PIR126";4;0;"EPirio";"2016"
"AVA9";8;0;"DMuro";"2018"
"MUR46";8;0;"DMuro";"2016"
"FIL19";5;2;"EMuro";"2016"
"FIL15";7;0;"EMuro";"2017"
"FIL14";7;1;"EMuro";"2018"
"MUR22";6;0;"DMuro";"2016"
"FIL14";8;1;"EMuro";"2016"
"FIL3";0;8;"EMuro";"2018"
"PIR15";6;0;"EPirio";"2017"
"ARI3";6;0;"EMuro";"2017"
"ARI2";7;0;"EMuro";"2018"
"ARI11";8;0;"EMuro";"2018"
"GRA20";6;1;"EMuro";"2016"
"GRA20";0;4;"EMuro";"2017"
"GRA4";3;4;"EMuro";"2017"
"GRA10";7;0;"EMuro";"2018"
"FEL16";0;6;"DMuro";"2016"
"FEL15";7;0;"DMuro";"2017"
"FEL9";4;0;"DMuro";"2016"
"ARI10";3;0;"EMuro";"2017"
"FIL2";4;0;"EMuro";"2016"
"FIL3";9;0;"EMuro";"2017"
"FIL1";7;0;"EMuro";"2018"
"FIL21";0;7;"EMuro";"2017"
"FIL6";8;0;"EMuro";"2018"
"AVA5";5;0;"DMuro";"2018"
"ARI29";6;0;"EMuro";"2016"
"ARI30";7;0;"EMuro";"2017"
"ARI30";6;0;"EMuro";"2018"
"ARI27";8;0;"EMuro";"2017"
"FEL19";0;8;"DMuro";"2016"
"AVA16";5;0;"DMuro";"2017"
"AVA9";9;0;"DMuro";"2017"
"GRA8";8;0;"EMuro";"2018"
"GRA5";0;4;"EMuro";"2016"
"PIR61";4;0;"EPirio";"2016"
"PIR64";5;0;"EPirio";"2017"
"PIR158";4;1;"EPirio";"2016"
"PIR158";5;0;"EPirio";"2017"
"PIR159";7;0;"EPirio";"2018"
"PIR26";5;0;"EPirio";"2016"
"PIR247";3;3;"EPirio";"2016"
"PIR246";6;2;"EPirio";"2017"
"PIR9";5;0;"EPirio";"2017"
"PIR4";5;0;"EPirio";"2018"
"PIR249";3;2;"EPirio";"2016"
"PIR105";5;0;"EPirio";"2016"
"PIR24";6;0;"EPirio";"2016"
"PIR4";6;0;"EPirio";"2017"
"PIR73";5;1;"EPirio";"2017"
"PIR73";6;0;"EPirio";"2018"
"PIR97";6;0;"EPirio";"2016"
"PIR94";7;1;"EPirio";"2017"
"PIR95";8;0;"EPirio";"2018"
"PIR28";5;0;"EPirio";"2016"
"PIR89";0;2;"EPirio";"2016"
"PIR90";7;0;"EPirio";"2017"
"PIR81";8;1;"EPirio";"2017"
"PIR20";7;1;"EPirio";"2017"
"PIR19";8;0;"EPirio";"2018"
"PIR39";4;2;"EPirio";"2016"
"PIR39";7;0;"EPirio";"2017"
"PIR40";7;0;"EPirio";"2018"
"PIR139";4;0;"EPirio";"2016"
"PIR132";0;3;"EPirio";"2017"
"PIR77";5;2;"EPirio";"2016"
"PIR80";5;0;"EPirio";"2016"
"FIL6";8;0;"EMuro";"2019"
"ARI6";0;9;"EMuro";"2019"
"FIL7";6;0;"EMuro";"2019"
"AVA7";7;1;"DMuro";"2019"
"PIR135";7;0;"EPirio";"2017"
"FEL7";0;8;"DMuro";"2019"
"PIR8";9;0;"EPirio";"2019"
"FEL8";9;0;"DMuro";"2019"
"FIL8";8;0;"EMuro";"2019"
"MUR22";11;0;"DMuro";"2017"
"MUR93";0;6;"DMuro";"2017"
"MUR24";9;0;"DMuro";"2017"
"MUR30";9;1;"DMuro";"2017"
"MUR30";10;0;"DMuro";"2018"
"MUR88bis";7;0;"DMuro";"2017"
"MUR35";9;0;"DMuro";"2018"
"MUR43";7;0;"DMuro";"2017"
"MUR43";8;1;"DMuro";"2018"
"AVA8";10;0;"DMuro";"2019"
"MUR54";9;0;"DMuro";"2017"
"MUR77";7;1;"DMuro";"2017"
"MUR28";5;0;"DMuro";"2017"
"MUR25";6;0;"DMuro";"2018"
"MUR57";9;0;"DMuro";"2017"
"MUR59";8;0;"DMuro";"2017"
"MUR59";8;1;"DMuro";"2018"
"MUR78";9;0;"DMuro";"2017"
"AVA11";8;0;"DMuro";"2017"
"AVA12";9;0;"DMuro";"2017"
"AVA19";8;0;"DMuro";"2017"
"AVA19";9;0;"DMuro";"2018"
"AVA8";7;0;"DMuro";"2018"
"ARI26";4;0;"EMuro";"2017"
"FEL1";0;9;"DMuro";"2019"
"GRA9";0;4;"EMuro";"2017"
"GRA1";7;0;"EMuro";"2018"
"FIL20";6;0;"EMuro";"2017"
"FIL6";9;0;"EMuro";"2017"
"PIR38";7;0;"EPirio";"2017"
"PIR113";6;1;"EPirio";"2018"
"ARI9";9;0;"EMuro";"2019"
"PIR246";5;0;"EPirio";"2018"
"FEL9";9;0;"DMuro";"2019"
"PIR79";7;0;"EPirio";"2017"
"AVA18";9;0;"DMuro";"2018"
"MUR56";8;0;"DMuro";"2017"
"FIL18";7;0;"EMuro";"2017"
"FIL12";7;0;"EMuro";"2018"
"MUR85";7;0;"DMuro";"2017"
"AVA9";8;0;"DMuro";"2019"
"FIL21";0;8;"EMuro";"2018"
"MUR33";10;0;"DMuro";"2018"
"MUR95";6;0;"DMuro";"2017"
"MUR95";9;0;"DMuro";"2018"
"AVA4";0;6;"DMuro";"2017"
"FEL16";7;1;"DMuro";"2017"
"FEL16";9;1;"DMuro";"2018"
"GRA9";7;0;"EMuro";"2019"
"FEL9";7;0;"DMuro";"2018"
"FEL5";8;0;"DMuro";"2017"
"MUR58";7;0;"DMuro";"2017"
"ARI1";7;0;"EMuro";"2017"
"ARI10";7;0;"EMuro";"2018"
"FIL19bis";5;1;"EMuro";"2017"
"ARI16";3;4;"EMuro";"2017"
"ARI13";3;3;"EMuro";"2017"
"FIL5";8;0;"EMuro";"2018"
"FIL10";9;0;"EMuro";"2019"
"PIR45";6;0;"EPirio";"2018"
"AVA10";9;0;"DMuro";"2019"
"PIR230";7;0;"EPirio";"2017"
"PIR74";8;0;"EPirio";"2017"
"PIR74";8;0;"EPirio";"2018"
"PIR26";7;0;"EPirio";"2017"
"FIL20";6;1;"EMuro";"2018"
"MUR23";6;0;"DMuro";"2017"
"ARI19";0;6;"EMuro";"2017"
"PIR80";2;3;"EPirio";"2018"
"PIR22";5;0;"EPirio";"2017"
"PIR130";6;0;"EPirio";"2017"
"PIR79";5;0;"EPirio";"2018"
"FIL11";6;0;"EMuro";"2019"
"PIR139";7;0;"EPirio";"2017"
"PIR105";6;0;"EPirio";"2017"
"PIR249";5;0;"EPirio";"2017"
"PIR249";6;0;"EPirio";"2018"
"AVA11";8;0;"DMuro";"2019"
"PIR103";5;0;"EPirio";"2017"
"PIR101";6;0;"EPirio";"2018"
"PIR129";5;0;"EPirio";"2017"
"PIR239";7;0;"EPirio";"2017"
"PIR239";2;5;"EPirio";"2018"
"PIR69";7;1;"EPirio";"2017"
"ARI11";7;1;"EMuro";"2019"
"AVA12";8;0;"DMuro";"2019"
"ARI12";7;1;"EMuro";"2019"
"FEL13";8;0;"DMuro";"2019"
"FIL13";7;0;"EMuro";"2019"
"AVA13";10;1;"DMuro";"2019"
"FIL13";4;2;"EMuro";"2018"
"GRA13";7;1;"EMuro";"2019"
"FEL19";8;0;"DMuro";"2017"
"FEL20";7;0;"DMuro";"2017"
"FEL8";8;0;"DMuro";"2018"
"AVA13";5;0;"DMuro";"2018"
"AVA21";5;0;"DMuro";"2017"
"GRA14";7;0;"EMuro";"2017"
"GRA7";6;0;"EMuro";"2018"
"FEL8";3;3;"DMuro";"2017"
"GRA20";8;0;"EMuro";"2018"
"MUR54";8;0;"DMuro";"2018"
"MUR38";10;0;"DMuro";"2018"
"FEL15";9;0;"DMuro";"2018"
"AVA14";8;1;"DMuro";"2018"
"MUR57";7;0;"DMuro";"2018"
"PIR51";5;0;"EPirio";"2017"
"PIR48";6;0;"EPirio";"2017"
"PIR137";4;0;"EPirio";"2017"
"GRA13";9;0;"EMuro";"2018"
"MUR77";8;0;"DMuro";"2018"
"FEL14";9;0;"DMuro";"2019"
"FIL14";9;0;"EMuro";"2019"
"GRA14";9;0;"EMuro";"2019"
"PIR15";7;0;"EPirio";"2019"
"AVA15";6;0;"DMuro";"2019"
"GRA15";9;0;"EMuro";"2019"
"ARI16";5;1;"EMuro";"2019"
"FEL16";10;0;"DMuro";"2019"
"GRA16";9;1;"EMuro";"2019"
"AVA17";11;0;"DMuro";"2019"
"PIR18";6;1;"EPirio";"2019"
"ARI18";7;0;"EMuro";"2019"
"AVA18";11;0;"DMuro";"2019"
"FEL19";7;0;"DMuro";"2019"
"GRA19";7;1;"EMuro";"2019"
"ARI20";9;1;"EMuro";"2019"
"FEL20";12;0;"DMuro";"2019"
"AVA20";9;1;"DMuro";"2019"
"GRA20";9;0;"EMuro";"2019"
"MUR21";11;0;"DMuro";"2019"
"MUR48";9;0;"DMuro";"2018"
"MUR89";9;0;"DMuro";"2018"
"AVA11";10;0;"DMuro";"2018"
"PIR1";5;1;"EPirio";"2018"
"PIR57";8;0;"EPirio";"2018"
"PIR123";2;4;"EPirio";"2018"
"FIL21";6;3;"EMuro";"2019"
"PIR81";8;0;"EPirio";"2018"
"AVA21";8;0;"DMuro";"2019"
"PIR28";6;0;"EPirio";"2018"
"MUR29";8;0;"DMuro";"2018"
"MUR58";9;0;"DMuro";"2018"
"FEL5";4;0;"DMuro";"2018"
"FEL3";8;0;"DMuro";"2019"
"AVA12";10;0;"DMuro";"2018"
"PIR22";7;1;"EPirio";"2019"
"MUR24";6;0;"DMuro";"2018"
"MUR93";9;1;"DMuro";"2018"
"FIL7";7;0;"EMuro";"2018"
"MUR22";8;0;"DMuro";"2019"
"FIL8";6;0;"EMuro";"2018"
"AVA10";7;0;"DMuro";"2018"
"FEL12";7;1;"DMuro";"2018"
"GRA4";8;0;"EMuro";"2018"
"AVA4";6;0;"DMuro";"2018"
"AVA1";6;0;"DMuro";"2018"
"MUR72";6;0;"DMuro";"2018"
"AVA20";7;0;"DMuro";"2018"
"MUR73";6;0;"DMuro";"2018"
"FIL23";7;0;"EMuro";"2019"
"MUR24";10;0;"DMuro";"2019"
"MUR25";6;0;"DMuro";"2019"
"PIR25";6;1;"EPirio";"2019"
"MUR56";4;1;"DMuro";"2018"
"AVA7";8;0;"DMuro";"2018"
"AVA3";8;0;"DMuro";"2018"
"GRA15";0;6;"EMuro";"2018"
"MUR47";7;0;"DMuro";"2018"
"FEL20";6;0;"DMuro";"2018"
"FEL13";5;0;"DMuro";"2018"
"PIR26";7;0;"EPirio";"2019"
"FEL14";6;1;"DMuro";"2018"
"FIL19bis";0;5;"EMuro";"2018"
"FIL25";0;4;"EMuro";"2018"
"GRA3";4;0;"EMuro";"2018"
"FEL7";3;4;"DMuro";"2018"
"GRA9";0;6;"EMuro";"2018"
"ARI27";10;0;"EMuro";"2019"
"GRA5";0;4;"EMuro";"2018"
"MUR28";11;0;"DMuro";"2019"
"PIR98";6;0;"EPirio";"2018"
"FIL17";5;0;"EMuro";"2018"
"PIR10";3;2;"EPirio";"2018"
"ARI29";7;0;"EMuro";"2019"
"PIR29";7;1;"EPirio";"2019"
"MUR29";9;0;"DMuro";"2019"
"MUR30";9;0;"DMuro";"2019"
"MUR31";8;0;"DMuro";"2019"
"MUR36";6;0;"DMuro";"2018"
"MUR37";4;1;"DMuro";"2018"
"MUR32";10;0;"DMuro";"2019"
"MUR33";11;0;"DMuro";"2019"
"MUR34";10;0;"DMuro";"2019"
"MUR35";10;1;"DMuro";"2019"
"MUR36";9;0;"DMuro";"2019"
"MUR37";5;1;"DMuro";"2019"
"PIR38";6;0;"EPirio";"2019"
"MUR38";11;0;"DMuro";"2019"
"MUR39";10;0;"DMuro";"2019"
"PIR39";7;0;"EPirio";"2019"
"PIR40";7;2;"EPirio";"2019"
"MUR42";7;2;"DMuro";"2019"
"MUR43";10;0;"DMuro";"2019"
"PIR43";7;1;"EPirio";"2019"
"MUR44";9;0;"DMuro";"2019"
"PIR44";10;0;"EPirio";"2019"
"MUR45";9;0;"DMuro";"2019"
"MUR46";9;0;"DMuro";"2019"
"PIR46";0;7;"EPirio";"2019"
"MUR47";8;1;"DMuro";"2019"
"PIR49";6;2;"EPirio";"2019"
"MUR51";9;0;"DMuro";"2019"
"PIR54";7;1;"EPirio";"2019"
"MUR54";7;1;"DMuro";"2019"
"MUR56";13;0;"DMuro";"2019"
"MUR57";10;0;"DMuro";"2019"
"MUR58";11;0;"DMuro";"2019"
"PIR58";7;0;"EPirio";"2019"
"MUR59";9;0;"DMuro";"2019"
"PIR64";2;2;"EPirio";"2019"
"PIR66";7;0;"EPirio";"2019"
"PIR67";6;1;"EPirio";"2019"
"PIR71";6;0;"EPirio";"2019"
"MUR72";9;0;"DMuro";"2019"
"PIR73";0;7;"EPirio";"2019"
"PIR74";5;1;"EPirio";"2019"
"MUR74";8;1;"DMuro";"2019"
"MUR76";7;1;"DMuro";"2019"
"PIR77";4;3;"EPirio";"2019"
"PIR85";8;0;"EPirio";"2019"
"PIR87";7;2;"EPirio";"2019"
"MUR88";6;0;"DMuro";"2019"
"MUR89";8;0;"DMuro";"2019"
"PIR89";4;2;"EPirio";"2019"
"MUR91";8;1;"DMuro";"2019"
"PIR94";2;6;"EPirio";"2019"
"PIR98";9;0;"EPirio";"2019"
"MUR99";9;0;"DMuro";"2019"
"MUR101";5;2;"DMuro";"2019"
"PIR101";9;0;"EPirio";"2019"
"PIR105";6;0;"EPirio";"2019"
"PIR114";6;0;"EPirio";"2019"
"PIR120";6;0;"EPirio";"2019"
"PIR121";7;1;"EPirio";"2019"
"PIR125";5;0;"EPirio";"2019"
"PIR133";5;1;"EPirio";"2019"
"PIR134";8;0;"EPirio";"2019"
"ARI19";3;0;"EMuro";"2005"
"ARI30";0;8;"EMuro";"2005"
"ARI14";0;4;"EMuro";"2005"
"ARI17";0;6;"EMuro";"2005"
"ARI5";0;8;"EMuro";"2006"
"ARI23";0;7;"EMuro";"2006"
"ARI1";0;7;"EMuro";"2006"
"ARI15";0;7;"EMuro";"2006"
"ARI8";0;6;"EMuro";"2006"
"ARI16";0;7;"EMuro";"2006"
"ARI30";0;3;"EMuro";"2006"
"ARI25";0;7;"EMuro";"2007"
"ARI11";0;7;"EMuro";"2007"
"ARI29";0;7;"EMuro";"2008"
"ARI10";0;5;"EMuro";"2009"
"ARI7";0;2;"EMuro";"2009"
"ARI25";0;7;"EMuro";"2010"
"ARI9";0;7;"EMuro";"2010"
"ARI8";0;4;"EMuro";"2010"
"ARI25";0;3;"EMuro";"2011"
"ARI27";0;1;"EMuro";"2012"
"ARI9";0;7;"EMuro";"2012"
"ARI21";0;6;"EMuro";"2012"
"ARI9";0;2;"EMuro";"2014"
"ARI8";0;5;"EMuro";"2015"
"ARI2";0;7;"EMuro";"2015"
"ARI7";0;6;"EMuro";"2015"
"ARI11";0;6;"EMuro";"2017"
"AVA1";5;0;"DMuro";"2004"
"AVA17";0;6;"DMuro";"2004"
"AVA17";0;6;"DMuro";"2005"
"AVA5";8;0;"DMuro";"2007"
"AVA5";0;7;"DMuro";"2008"
"AVA12";10;0;"DMuro";"2009"
"AVA2";7;0;"DMuro";"2009"
"AVA4";8;0;"DMuro";"2009"
"AVA16";8;1;"DMuro";"2009"
"AVA21";10;0;"DMuro";"2009"
"AVA22";6;1;"DMuro";"2009"
"AVA7";7;0;"DMuro";"2009"
"AVA19";0;7;"DMuro";"2009"
"AVA3";3;0;"DMuro";"2009"
"AVA10";4;1;"DMuro";"2009"
"AVA21";4;6;"DMuro";"2011"
"AVA19";0;3;"DMuro";"2011"
"AVA1";10;0;"DMuro";"2013"
"AVA12";10;0;"DMuro";"2013"
"AVA20";0;8;"DMuro";"2013"
"AVA3";0;7;"DMuro";"2014"
"AVA19";0;1;"DMuro";"2015"
"FEL3";6;0;"DMuro";"2020"
"FEL1";2;4;"DMuro";"2020"
"FEL20";0;9;"DMuro";"2006"
"FEL19";4;6;"DMuro";"2007"
"FEL9";0;9;"DMuro";"2007"
"FEL13";0;9;"DMuro";"2007"
"FEL14";8;0;"DMuro";"2008"
"FEL20";0;6;"DMuro";"2008"
"FEL11";10;0;"DMuro";"2009"
"FEL13";7;0;"DMuro";"2009"
"FEL19";3;4;"DMuro";"2010"
"FEL9";10;1;"DMuro";"2013"
"FEL19";0;9;"DMuro";"2018"
"FIL14";6;0;"EMuro";"2004"
"FIL20";0;3;"EMuro";"2004"
"FIL21";0;9;"EMuro";"2005"
"FIL10";0;7;"EMuro";"2005"
"FIL11";0;7;"EMuro";"2005"
"FIL7";2;5;"EMuro";"2006"
"FIL22";0;6;"EMuro";"2007"
"FIL4";0;5;"EMuro";"2007"
"FIL21";0;6;"EMuro";"2007"
"FIL25";0;7;"EMuro";"2007"
"FIL20";0;6;"EMuro";"2007"
"FIL20";0;8;"EMuro";"2008"
"FIL22";0;6;"EMuro";"2008"
"FIL1";0;5;"EMuro";"2008"
"FIL8";5;0;"EMuro";"2009"
"FIL11";0;10;"EMuro";"2009"
"FIL5";6;0;"EMuro";"2009"
"FIL19";0;4;"EMuro";"2009"
"FIL19";0;5;"EMuro";"2010"
"FIL7";0;3;"EMuro";"2011"
"FIL11";0;7;"EMuro";"2011"
"FIL14";0;9;"EMuro";"2012"
"FIL22";0;5;"EMuro";"2013"
"FIL6";0;8;"EMuro";"2015"
"FIL23";0;8;"EMuro";"2015"
"FIL18";0;7;"EMuro";"2015"
"FIL20";0;4;"EMuro";"2016"
"FIL22";0;5;"EMuro";"2014"
"FIL23";0;5;"EMuro";"2018"
"GRA19";5;0;"EMuro";"2006"
"GRA3";0;8;"EMuro";"2009"
"GRA8";0;6;"EMuro";"2011"
"GRA4";0;7;"EMuro";"2011"
"GRA9";6;0;"EMuro";"2005"
"GRA3";0;7;"EMuro";"2006"
"GRA9";0;8;"EMuro";"2007"
"GRA11";0;5;"EMuro";"2007"
"GRA12";0;6;"EMuro";"2008"
"GRA15";0;5;"EMuro";"2009"
"GRA12";0;5;"EMuro";"2009"
"GRA20";0;4;"EMuro";"2009"
"GRA20";0;7;"EMuro";"2010"
"GRA1";0;8;"EMuro";"2011"
"GRA11";0;7;"EMuro";"2012"
"GRA19";0;9;"EMuro";"2012"
"GRA12";0;7;"EMuro";"2012"
"GRA1";0;8;"EMuro";"2013"
"GRA9";0;4;"EMuro";"2012"
"GRA14";0;8;"EMuro";"2015"
"GRA17";0;6;"EMuro";"2015"
"GRA16";0;5;"EMuro";"2016"
"GRA6";0;7;"EMuro";"2017"
"MUR95";7;0;"DMuro";"2004"
"MUR35";0;9;"DMuro";"2005"
"MUR41";0;9;"DMuro";"2005"
"MUR21";8;0;"DMuro";"2005"
"MUR101";0;8;"DMuro";"2005"
"MUR78";12;0;"DMuro";"2006"
"MUR37";0;11;"DMuro";"2006"
"MUR88";0;7;"DMuro";"2006"
"MUR38";0;8;"DMuro";"2006"
"MUR21";6;0;"DMuro";"2007"
"MUR47";0;7;"DMuro";"2010"
"MUR38";6;0;"DMuro";"2011"
"MUR93";0;6;"DMuro";"2011"
"MUR72";0;10;"DMuro";"2007"
"MUR39";0;9;"DMuro";"2007"
"MUR89";0;11;"DMuro";"2007"
"MUR85";0;9;"DMuro";"2007"
"MUR86";1;0;"DMuro";"2008"
"MUR105";0;7;"DMuro";"2009"
"MUR27";8;0;"DMuro";"2009"
"MUR46";0;5;"DMuro";"2008"
"MUR88";0;10;"DMuro";"2010"
"MUR34";0;6;"DMuro";"2010"
"MUR48";7;1;"DMuro";"2011"
"MUR101";0;9;"DMuro";"2018"
"PIR38";6;0;"EPirio";"2004"
"PIR81";0;5;"EPirio";"2004"
"PIR122";0;5;"EPirio";"2004"
"PIR103";0;6;"EPirio";"2004"
"PIR96";7;0;"EPirio";"2005"
"PIR54";4;2;"EPirio";"2005"
"PIR40";8;0;"EPirio";"2005"
"PIR79";7;0;"EPirio";"2006"
"PIR131";6;0;"EPirio";"2006"
"PIR5";9;0;"EPirio";"2006"
"PIR29";5;0;"EPirio";"2006"
"PIR40";2;1;"EPirio";"2006"
"PIR131";7;0;"EPirio";"2007"
"PIR40";3;3;"EPirio";"2007"
"PIR104";4;0;"EPirio";"2007"
"PIR132";6;0;"EPirio";"2007"
"PIR45";0;8;"EPirio";"2007"
"PIR66";6;0;"EPirio";"2008"
"PIR71";1;0;"EPirio";"2008"
"PIR76";5;0;"EPirio";"2008"
"PIR112";0;7;"EPirio";"2008"
"PIR9";4;3;"EPirio";"2008"
"PIR51";2;3;"EPirio";"2008"
"PIR119";5;1;"EPirio";"2008"
"PIR137";0;7;"EPirio";"2008"
"PIR26";0;2;"EPirio";"2008"
"PIR19";0;8;"EPirio";"2008"
"PIR91";0;1;"EPirio";"2008"
"PIR68";0;5;"EPirio";"2008"
"PIR41";0;3;"EPirio";"2008"
"PIR60";0;3;"EPirio";"2008"
"PIR118";0;2;"EPirio";"2008"
"PIR158";0;6;"EPirio";"2008"
"PIR8";1;5;"EPirio";"2009"
"PIR38";5;1;"EPirio";"2009"
"PIR89";0;5;"EPirio";"2009"
"PIR93";6;1;"EPirio";"2009"
"PIR158";4;3;"EPirio";"2009"
"PIR119";6;0;"EPirio";"2010"
"PIR159";4;2;"EPirio";"2010"
"PIR24";5;0;"EPirio";"2011"
"PIR54";5;2;"EPirio";"2011"
"PIR94";0;7;"EPirio";"2011"
"PIR104";0;6;"EPirio";"2011"
"PIR124";6;0;"EPirio";"2011"
"PIR132";4;0;"EPirio";"2011"
"PIR235";0;6;"EPirio";"2012"
"PIR232";0;5;"EPirio";"2012"
"PIR90";0;6;"EPirio";"2012"
"PIR237";0;5;"EPirio";"2012"
"PIR77";0;3;"EPirio";"2012"
"PIR88";0;7;"EPirio";"2012"
"PIR70";0;6;"EPirio";"2012"
"PIR65";0;7;"EPirio";"2012"
"PIR55";0;7;"EPirio";"2014"
"PIR234";0;5;"EPirio";"2014"
"PIR106";0;5;"EPirio";"2014"
"PIR204";0;7;"EPirio";"2015"
"PIR244";3;4;"EPirio";"2015"
"PIR92";0;8;"EPirio";"2015"
"PIR3";0;6;"EPirio";"2015"
"PIR75";0;8;"EPirio";"2015"
"PIR16";0;7;"EPirio";"2015"
"PIR100";0;7;"EPirio";"2015"
"PIR234";0;6;"EPirio";"2015"
"PIR40";0;7;"EPirio";"2016"
"PIR19";0;5;"EPirio";"2016"
"PIR57";0;6;"EPirio";"2017"
"PIR40";0;7;"EPirio";"2017"
"PIR25";0;6;"EPirio";"2017"
"PIR137";0;5;"EPirio";"2014"
"PIR66";0;4;"EPirio";"2014"
"PIR5";0;5;"EPirio";"2014"
"PIR17";0;6;"EPirio";"2018"
"PIR39";0;4;"EPirio";"2018"
"PIR53";0;7;"EPirio";"2018"
"PIR103";0;8;"EPirio";"2018"
"PIR105";0;8;"EPirio";"2018"
"PIR124";0;7;"EPirio";"2018"
"PIR134";0;6;"EPirio";"2018"
"PIR235";0;10;"EPirio";"2018"
"PIR139";0;7;"EPirio";"2019"
"PIR156";6;1;"EPirio";"2019"
"PIR159";7;1;"EPirio";"2019"
"PIR207";3;0;"EPirio";"2019"
"PIR232";6;1;"EPirio";"2019"
"PIR237";7;0;"EPirio";"2019"
"PIR239";5;0;"EPirio";"2019"
"PIR245";4;0;"EPirio";"2019"
"PIR248";7;0;"EPirio";"2019"
"GRA3";0;3;"EMuro";"2017"
"GRA12";0;5;"EMuro";"2017"
"GRA7";0;3;"EMuro";"2014"
"GRA18";0;6;"EMuro";"2018"
"FIL19bis";11;0;"EMuro";"2019"
"MUR88bis";8;1;"DMuro";"2019"
"ARI30";6;0;"EMuro";"2020"
"ARI6";7;0;"EMuro";"2020"
"ARI19";7;1;"EMuro";"2020"
"ARI24";5;0;"EMuro";"2020"
"ARI12";8;0;"EMuro";"2020"
"ARI10";7;0;"EMuro";"2020"
"ARI21";6;0;"EMuro";"2020"
"ARI26";7;0;"EMuro";"2020"
"ARI16";6;0;"EMuro";"2020"
"ARI11";6;0;"EMuro";"2020"
"AVA20";9;0;"DMuro";"2020"
"AVA10";5;1;"DMuro";"2020"
"AVA3";8;0;"DMuro";"2020"
"AVA18";8;0;"DMuro";"2020"
"AVA16";8;0;"DMuro";"2020"
"AVA21";11;1;"DMuro";"2020"
"AVA12";11;0;"DMuro";"2020"
"AVA4";9;1;"DMuro";"2020"
"AVA1";10;1;"DMuro";"2020"
"AVA7";9;0;"DMuro";"2020"
"AVA14";7;0;"DMuro";"2020"
"AVA9";8;0;"DMuro";"2020"
"AVA13";6;0;"DMuro";"2020"
"AVA6";8;0;"DMuro";"2020"
"AVA5";7;0;"DMuro";"2020"
"AVA8";6;1;"DMuro";"2020"
"AVA2";0;6;"DMuro";"2020"
"FEL9";9;1;"DMuro";"2020"
"FEL20";10;1;"DMuro";"2020"
"FEL1";7;0;"DMuro";"2021"
"FEL5";9;0;"DMuro";"2020"
"FEL16";7;0;"DMuro";"2020"
"FEL10";9;0;"DMuro";"2020"
"FEL13";8;0;"DMuro";"2020"
"FEL19";5;0;"DMuro";"2020"
"FEL6";6;1;"DMuro";"2020"
"FEL15";7;0;"DMuro";"2020"
"FIL1";7;0;"EMuro";"2020"
"FIL3";6;0;"EMuro";"2020"
"FIL5";7;0;"EMuro";"2020"
"FIL6";7;0;"EMuro";"2020"
"FIL10";0;6;"EMuro";"2020"
"FIL11";6;1;"EMuro";"2020"
"FIL12";6;1;"EMuro";"2020"
"FIL14";7;0;"EMuro";"2020"
"FIL15";7;0;"EMuro";"2020"
"FIL20";0;8;"EMuro";"2020"
"FIL24";4;1;"EMuro";"2020"
"GRA1";9;0;"EMuro";"2020"
"GRA7";7;0;"EMuro";"2020"
"GRA6";7;0;"EMuro";"2020"
"GRA14";7;0;"EMuro";"2020"
"GRA19";0;8;"EMuro";"2020"
"GRA9";0;5;"EMuro";"2020"
"MUR25";9;0;"DMuro";"2020"
"MUR37";6;0;"DMuro";"2020"
"MUR43";11;0;"DMuro";"2020"
"MUR23";3;0;"DMuro";"2020"
"MUR78";4;1;"DMuro";"2020"
"MUR56";6;0;"DMuro";"2020"
"MUR97";7;0;"DMuro";"2020"
"MUR33";4;0;"DMuro";"2020"
"MUR32";9;0;"DMuro";"2020"
"MUR53";8;0;"DMuro";"2020"
"MUR24";6;0;"DMuro";"2020"
"MUR22";7;0;"DMuro";"2020"
"MUR51";8;0;"DMuro";"2020"
"MUR57";6;0;"DMuro";"2020"
"MUR72";4;0;"DMuro";"2020"
"MUR87";7;0;"DMuro";"2020"
"MUR28";8;0;"DMuro";"2020"
"MUR31";5;0;"DMuro";"2020"
"MUR73";5;0;"DMuro";"2020"
"MUR34";8;1;"DMuro";"2020"
"MUR40";9;0;"DMuro";"2020"
"MUR88bis";6;0;"DMuro";"2020"
"MUR75";7;0;"DMuro";"2020"
"MUR93";8;0;"DMuro";"2020"
"MUR95";7;0;"DMuro";"2020"
"MUR29";10;0;"DMuro";"2020"
"MUR30";7;0;"DMuro";"2020"
"MUR74";8;0;"DMuro";"2020"
"MUR101";9;0;"DMuro";"2020"
"MUR38";7;2;"DMuro";"2020"
"MUR39";7;0;"DMuro";"2020"
"MUR55";8;0;"DMuro";"2020"
"MUR42";8;0;"DMuro";"2020"
"MUR89";7;0;"DMuro";"2020"
"MUR88";7;0;"DMuro";"2020"
"MUR35";7;0;"DMuro";"2020"
"MUR46";7;1;"DMuro";"2020"
"MUR59";8;1;"DMuro";"2020"
"MUR85";0;2;"DMuro";"2020"
"MUR91";4;2;"DMuro";"2020"
"PIR89";8;0;"EPirio";"2020"
"PIR239";5;0;"EPirio";"2020"
"PIR230";6;1;"EPirio";"2020"
"PIR336";4;1;"EPirio";"2020"
"PIR77";6;0;"EPirio";"2020"
"PIR135";5;1;"EPirio";"2020"
"PIR2";6;0;"EPirio";"2020"
"PIR236";5;1;"EPirio";"2020"
"PIR204";1;6;"EPirio";"2020"
"PIR232";5;1;"EPirio";"2020"
"PIR245";0;6;"EPirio";"2020"
"PIR18";7;0;"EPirio";"2020"
"PIR38";8;0;"EPirio";"2020"
"PIR5";8;0;"EPirio";"2020"
"PIR22";7;1;"EPirio";"2020"
"PIR57";5;0;"EPirio";"2020"
"PIR64";7;0;"EPirio";"2020"
"PIR120";7;0;"EPirio";"2020"
"PIR26";8;0;"EPirio";"2020"
"PIR125";7;0;"EPirio";"2020"
"PIR153";3;3;"EPirio";"2020"
"PIR41";7;0;"EPirio";"2020"
"PIR105";7;0;"EPirio";"2020"
"PIR248";5;0;"EPirio";"2020"
"PIR309";7;0;"EPirio";"2020"
"PIR119";6;2;"EPirio";"2020"
"PIR139";6;0;"EPirio";"2020"
"PIR205";5;0;"EPirio";"2020"
"PIR113";5;1;"EPirio";"2020"
"PIR71";4;0;"EPirio";"2020"
"PIR315";6;0;"EPirio";"2020"
"PIR158";6;0;"EPirio";"2020"
"PIR47";5;0;"EPirio";"2020"
"PIR323";0;5;"EPirio";"2020"
"ARI2";7;0;"EMuro";"2021"
"ARI7";6;0;"EMuro";"2021"
"ARI10";9;0;"EMuro";"2021"
"ARI12";7;0;"EMuro";"2021"
"ARI13";3;4;"EMuro";"2021"
"ARI14";8;0;"EMuro";"2021"
"ARI16";6;0;"EMuro";"2021"
"ARI21";9;0;"EMuro";"2021"
"ARI23";8;0;"EMuro";"2021"
"ARI27";8;0;"EMuro";"2021"
"AVA1";5;0;"DMuro";"2021"
"AVA2";7;0;"DMuro";"2021"
"AVA3";6;0;"DMuro";"2021"
"AVA4";7;0;"DMuro";"2021"
"AVA5";9;0;"DMuro";"2021"
"AVA6";10;0;"DMuro";"2021"
"AVA7";9;0;"DMuro";"2021"
"AVA8";9;0;"DMuro";"2021"
"AVA9";4;0;"DMuro";"2021"
"AVA10";7;0;"DMuro";"2021"
"AVA12";7;0;"DMuro";"2021"
"AVA14";7;0;"DMuro";"2021"
"AVA15";11;0;"DMuro";"2021"
"AVA16";8;0;"DMuro";"2021"
"AVA17";6;0;"DMuro";"2021"
"AVA18";5;0;"DMuro";"2021"
"AVA19";0;8;"DMuro";"2021"
"AVA20";9;1;"DMuro";"2021"
"AVA21";7;1;"DMuro";"2021"
"FEL3";6;0;"DMuro";"2005"
"FEL5";7;0;"DMuro";"2021"
"FEL6";7;0;"DMuro";"2021"
"FEL7";8;0;"DMuro";"2021"
"FEL8";8;0;"DMuro";"2021"
"FEL9";9;0;"DMuro";"2021"
"FEL12";9;0;"DMuro";"2021"
"FEL13";9;0;"DMuro";"2021"
"FEL16";7;0;"DMuro";"2021"
"FEL17";7;0;"DMuro";"2021"
"FEL19";9;0;"DMuro";"2021"
"FEL20";7;0;"DMuro";"2021"
"FIL2";9;0;"EMuro";"2021"
"FIL4";6;0;"EMuro";"2021"
"FIL5";5;2;"EMuro";"2021"
"FIL6";9;0;"EMuro";"2021"
"FIL7";7;0;"EMuro";"2021"
"FIL8";2;5;"EMuro";"2021"
"FIL9";8;0;"EMuro";"2021"
"FIL10";0;8;"EMuro";"2021"
"FIL12";6;0;"EMuro";"2021"
"FIL14";6;0;"EMuro";"2021"
"FIL16";7;0;"EMuro";"2021"
"FIL23";3;0;"EMuro";"2021"
"FIL25";7;0;"EMuro";"2021"
"FIL19bis";7;0;"EMuro";"2021"
"GRA1";7;0;"EMuro";"2021"
"GRA2";3;1;"EMuro";"2021"
"GRA3";8;0;"EMuro";"2021"
"GRA5";6;0;"EMuro";"2021"
"GRA6";6;0;"EMuro";"2021"
"GRA12";0;8;"EMuro";"2021"
"GRA13";4;1;"EMuro";"2021"
"GRA14";7;0;"EMuro";"2021"
"GRA17";8;0;"EMuro";"2021"
"GRA19";1;0;"EMuro";"2021"
"GRA20";7;0;"EMuro";"2021"
"MUR21";7;0;"DMuro";"2021"
"MUR22";7;0;"DMuro";"2021"
"MUR24";10;0;"DMuro";"2021"
"MUR25";6;0;"DMuro";"2021"
"MUR26";9;0;"DMuro";"2021"
"MUR27";9;0;"DMuro";"2021"
"MUR28";9;0;"DMuro";"2021"
"MUR29";9;0;"DMuro";"2021"
"MUR30";9;0;"DMuro";"2021"
"MUR31";0;9;"DMuro";"2021"
"MUR32";9;0;"DMuro";"2021"
"MUR33";4;0;"DMuro";"2021"
"MUR34";8;0;"DMuro";"2021"
"MUR36";8;0;"DMuro";"2021"
"MUR38";10;0;"DMuro";"2021"
"MUR39";8;1;"DMuro";"2021"
"MUR40";10;0;"DMuro";"2021"
"MUR42";8;0;"DMuro";"2021"
"MUR43";11;0;"DMuro";"2021"
"MUR44";8;0;"DMuro";"2021"
"MUR46";8;0;"DMuro";"2021"
"MUR47";9;0;"DMuro";"2021"
"MUR51";4;0;"DMuro";"2021"
"MUR52";8;0;"DMuro";"2021"
"MUR54";9;0;"DMuro";"2021"
"MUR55";9;0;"DMuro";"2021"
"MUR56";10;0;"DMuro";"2021"
"MUR57";8;0;"DMuro";"2021"
"MUR58";9;0;"DMuro";"2021"
"MUR59";8;0;"DMuro";"2021"
"MUR72";7;0;"DMuro";"2021"
"MUR75";8;0;"DMuro";"2021"
"MUR76";10;0;"DMuro";"2021"
"MUR77";10;0;"DMuro";"2021"
"MUR85";5;0;"DMuro";"2021"
"MUR87";9;0;"DMuro";"2021"
"MUR88";8;0;"DMuro";"2021"
"MUR89";0;9;"DMuro";"2021"
"MUR91";9;0;"DMuro";"2021"
"MUR93";8;0;"DMuro";"2021"
"MUR95";7;0;"DMuro";"2021"
"MUR101";5;1;"DMuro";"2021"
"MUR76bis";9;0;"DMuro";"2021"
"MUR88bis";10;0;"DMuro";"2021"
"PIR8";7;0;"EPirio";"2021"
"PIR9";7;0;"EPirio";"2021"
"PIR15";5;2;"EPirio";"2021"
"PIR18";9;0;"EPirio";"2021"
"PIR20";5;0;"EPirio";"2021"
"PIR24";0;8;"EPirio";"2021"
"PIR28";6;0;"EPirio";"2021"
"PIR29";6;1;"EPirio";"2021"
"PIR32";8;0;"EPirio";"2021"
"PIR34";2;5;"EPirio";"2021"
"PIR35";8;1;"EPirio";"2021"
"PIR38";4;0;"EPirio";"2021"
"PIR39";5;4;"EPirio";"2021"
"PIR40";3;8;"EPirio";"2021"
"PIR48";5;0;"EPirio";"2021"
"PIR49";7;0;"EPirio";"2021"
"PIR57";0;5;"EPirio";"2021"
"PIR62";5;0;"EPirio";"2021"
"PIR68";2;0;"EPirio";"2021"
"PIR71";3;0;"EPirio";"2021"
"PIR72";5;0;"EPirio";"2021"
"PIR74";5;0;"EPirio";"2021"
"PIR75";0;3;"EPirio";"2021"
"PIR80";6;0;"EPirio";"2021"
"PIR89";8;1;"EPirio";"2021"
"PIR90";5;0;"EPirio";"2021"
"PIR96";6;0;"EPirio";"2021"
"PIR99";4;0;"EPirio";"2021"
"PIR100";6;1;"EPirio";"2021"
"PIR102";8;0;"EPirio";"2021"
"PIR103";5;0;"EPirio";"2021"
"PIR106";6;0;"EPirio";"2021"
"PIR113";7;1;"EPirio";"2021"
"PIR119";5;2;"EPirio";"2021"
"PIR121";7;0;"EPirio";"2021"
"PIR125";6;0;"EPirio";"2021"
"PIR129";4;0;"EPirio";"2021"
"PIR130";5;0;"EPirio";"2021"
"PIR133";5;0;"EPirio";"2021"
"PIR134";5;0;"EPirio";"2021"
"PIR135";6;0;"EPirio";"2021"
"PIR136";6;0;"EPirio";"2021"
"PIR137";4;0;"EPirio";"2021"
"PIR154";7;0;"EPirio";"2021"
"PIR157";4;0;"EPirio";"2021"
"PIR158";5;1;"EPirio";"2021"
"PIR159";7;0;"EPirio";"2021"
"PIR207";8;1;"EPirio";"2021"
"PIR230";6;0;"EPirio";"2021"
"PIR236";4;0;"EPirio";"2021"
"PIR237";7;0;"EPirio";"2021"
"PIR239";6;1;"EPirio";"2021"
"PIR248";6;1;"EPirio";"2021"
"ARI1";5;0;"EMuro";"2022"
"ARI3";7;1;"EMuro";"2022"
"ARI6";6;0;"EMuro";"2022"
"ARI7";10;0;"EMuro";"2022"
"ARI8";7;0;"EMuro";"2022"
"ARI9";6;0;"EMuro";"2022"
"ARI10";8;0;"EMuro";"2022"
"ARI11";7;0;"EMuro";"2022"
"ARI14";4;0;"EMuro";"2022"
"ARI16";7;1;"EMuro";"2022"
"ARI29";0;4;"EMuro";"2022"
"ARI30";5;0;"EMuro";"2022"
"AVA1";6;0;"DMuro";"2022"
"AVA2";8;0;"DMuro";"2022"
"AVA3";9;0;"DMuro";"2022"
"AVA4";9;0;"DMuro";"2022"
"AVA5";9;0;"DMuro";"2022"
"AVA7";6;1;"DMuro";"2022"
"AVA8";9;0;"DMuro";"2022"
"AVA9";11;0;"DMuro";"2022"
"AVA10";8;0;"DMuro";"2022"
"AVA12";7;0;"DMuro";"2022"
"AVA13";7;0;"DMuro";"2022"
"AVA14";9;0;"DMuro";"2022"
"AVA15";6;0;"DMuro";"2022"
"AVA16";8;1;"DMuro";"2022"
"AVA17";0;8;"DMuro";"2022"
"AVA18";8;0;"DMuro";"2022"
"AVA19";0;5;"DMuro";"2022"
"AVA20";5;4;"DMuro";"2022"
"AVA21";7;0;"DMuro";"2022"
"FEL3";8;0;"DMuro";"2022"
"FEL5";6;1;"DMuro";"2022"
"FEL6";8;0;"DMuro";"2022"
"FEL7";6;2;"DMuro";"2022"
"FEL9";7;2;"DMuro";"2022"
"FEL10";5;1;"DMuro";"2022"
"FEL11";0;6;"DMuro";"2022"
"FEL13";8;0;"DMuro";"2022"
"FEL14";8;1;"DMuro";"2022"
"FEL16";4;0;"DMuro";"2022"
"FEL17";5;2;"DMuro";"2022"
"FEL19";6;0;"DMuro";"2022"
"FEL20";6;0;"DMuro";"2022"
"FIL1";6;0;"EMuro";"2022"
"FIL2";8;1;"EMuro";"2022"
"FIL5";6;1;"EMuro";"2022"
"FIL7";2;5;"EMuro";"2022"
"FIL8";6;0;"EMuro";"2022"
"FIL10";1;4;"EMuro";"2022"
"FIL11";8;0;"EMuro";"2022"
"FIL13";6;0;"EMuro";"2022"
"FIL14";6;2;"EMuro";"2022"
"FIL16";9;0;"EMuro";"2022"
"FIL17";5;0;"EMuro";"2022"
"FIL25";8;0;"EMuro";"2022"
"FIL19bis";7;0;"EMuro";"2022"
"GRA1";7;1;"EMuro";"2022"
"GRA3";6;0;"EMuro";"2022"
"GRA4";5;0;"EMuro";"2022"
"GRA5";3;1;"EMuro";"2022"
"GRA6";8;0;"EMuro";"2022"
"GRA9";7;0;"EMuro";"2022"
"GRA12";4;2;"EMuro";"2022"
"GRA13";9;0;"EMuro";"2022"
"GRA14";4;1;"EMuro";"2022"
"GRA15";6;0;"EMuro";"2022"
"GRA16";0;8;"EMuro";"2022"
"GRA17";7;0;"EMuro";"2022"
"GRA18";3;5;"EMuro";"2022"
"GRA19";0;8;"EMuro";"2022"
"GRA20";7;0;"EMuro";"2022"
"MUR21";7;0;"DMuro";"2022"
"MUR22";6;2;"DMuro";"2022"
"MUR23";4;1;"DMuro";"2022"
"MUR24";7;3;"DMuro";"2022"
"MUR26";8;1;"DMuro";"2022"
"MUR27";6;1;"DMuro";"2022"
"MUR28";8;0;"DMuro";"2022"
"MUR29";5;1;"DMuro";"2022"
"MUR30";3;0;"DMuro";"2022"
"MUR32";10;1;"DMuro";"2022"
"MUR33";8;0;"DMuro";"2022"
"MUR34";7;0;"DMuro";"2022"
"MUR36";8;0;"DMuro";"2022"
"MUR38";8;0;"DMuro";"2022"
"MUR40";9;1;"DMuro";"2022"
"MUR42";8;0;"DMuro";"2022"
"MUR43";8;2;"DMuro";"2022"
"MUR44";5;2;"DMuro";"2022"
"MUR47";9;0;"DMuro";"2022"
"MUR51";9;1;"DMuro";"2022"
"MUR52";7;0;"DMuro";"2022"
"MUR53";7;1;"DMuro";"2022"
"MUR54";10;0;"DMuro";"2022"
"MUR56";9;0;"DMuro";"2022"
"MUR57";9;0;"DMuro";"2022"
"MUR58";9;0;"DMuro";"2022"
"MUR59";7;1;"DMuro";"2022"
"MUR72";8;1;"DMuro";"2022"
"MUR75";10;0;"DMuro";"2022"
"MUR76";4;0;"DMuro";"2022"
"MUR77";0;8;"DMuro";"2022"
"MUR78";9;0;"DMuro";"2022"
"MUR85";8;0;"DMuro";"2022"
"MUR86";5;0;"DMuro";"2022"
"MUR87";9;0;"DMuro";"2022"
"MUR88";8;0;"DMuro";"2022"
"MUR89";5;1;"DMuro";"2022"
"MUR91";9;1;"DMuro";"2022"
"MUR93";7;0;"DMuro";"2022"
"MUR95";8;0;"DMuro";"2022"
"MUR97";0;8;"DMuro";"2022"
"MUR99";8;0;"DMuro";"2022"
"MUR78bis";5;1;"DMuro";"2022"
"MUR88bis";11;0;"DMuro";"2022"
"PIR1";5;2;"EPirio";"2022"
"PIR2";5;0;"EPirio";"2022"
"PIR10";3;0;"EPirio";"2022"
"PIR14";6;0;"EPirio";"2022"
"PIR15";9;0;"EPirio";"2022"
"PIR21";4;0;"EPirio";"2022"
"PIR24";2;0;"EPirio";"2022"
"PIR25";5;0;"EPirio";"2022"
"PIR29";4;0;"EPirio";"2022"
"PIR35";6;0;"EPirio";"2022"
"PIR36";4;2;"EPirio";"2022"
"PIR39";4;0;"EPirio";"2022"
"PIR41";3;3;"EPirio";"2022"
"PIR43";8;0;"EPirio";"2022"
"PIR52";8;0;"EPirio";"2022"
"PIR56";7;0;"EPirio";"2022"
"PIR62";4;1;"EPirio";"2022"
"PIR65";3;3;"EPirio";"2022"
"PIR71";4;0;"EPirio";"2022"
"PIR74";5;0;"EPirio";"2022"
"PIR75";0;8;"EPirio";"2022"
"PIR80";3;1;"EPirio";"2022"
"PIR81";6;2;"EPirio";"2022"
"PIR89";8;0;"EPirio";"2022"
"PIR93";7;0;"EPirio";"2022"
"PIR95";6;0;"EPirio";"2022"
"PIR97";4;1;"EPirio";"2022"
"PIR98";6;0;"EPirio";"2022"
"PIR100";3;0;"EPirio";"2022"
"PIR102";7;0;"EPirio";"2022"
"PIR105";5;2;"EPirio";"2022"
"PIR113";2;3;"EPirio";"2022"
"PIR114";6;0;"EPirio";"2022"
"PIR119";5;0;"EPirio";"2022"
"PIR120";6;0;"EPirio";"2022"
"PIR122";6;0;"EPirio";"2022"
"PIR125";8;0;"EPirio";"2022"
"PIR131";2;0;"EPirio";"2022"
"PIR135";4;1;"EPirio";"2022"
"PIR136";3;3;"EPirio";"2022"
"PIR137";5;1;"EPirio";"2022"
"PIR154";4;2;"EPirio";"2022"
"PIR158";6;1;"EPirio";"2022"
"PIR159";4;1;"EPirio";"2022"
"PIR202";0;5;"EPirio";"2022"
"PIR230";3;1;"EPirio";"2022"
"PIR232";4;3;"EPirio";"2022"
"PIR234";5;1;"EPirio";"2022"
"PIR235";0;6;"EPirio";"2022"
"PIR238";5;1;"EPirio";"2022"
"PIR243";2;0;"EPirio";"2022"
"PIR245";6;0;"EPirio";"2022"
"PIR246";4;0;"EPirio";"2022"
"PIR247";3;0;"EPirio";"2022"
"AVA1";9;0;"DMuro";"2023"
"AVA3";8;3;"DMuro";"2023"
"AVA5";3;0;"DMuro";"2023"
"AVA7";7;0;"DMuro";"2023"
"AVA8";7;1;"DMuro";"2023"
"AVA9";0;11;"DMuro";"2023"
"AVA10";7;0;"DMuro";"2023"
"AVA11";9;0;"DMuro";"2023"
"AVA13";5;1;"DMuro";"2023"
"AVA14";8;0;"DMuro";"2023"
"AVA18";0;8;"DMuro";"2023"
"AVA20";10;0;"DMuro";"2023"
"AVA21";5;0;"DMuro";"2023"
"MUR21";7;0;"DMuro";"2023"
"MUR22";7;0;"DMuro";"2023"
"MUR24";9;0;"DMuro";"2023"
"MUR25";9;1;"DMuro";"2023"
"MUR26";8;0;"DMuro";"2023"
"MUR27";7;1;"DMuro";"2023"
"MUR28";8;0;"DMuro";"2023"
"MUR29";0;3;"DMuro";"2023"
"MUR30";6;1;"DMuro";"2023"
"MUR32";6;0;"DMuro";"2023"
"MUR33";11;0;"DMuro";"2023"
"MUR34";9;0;"DMuro";"2023"
"MUR35";0;6;"DMuro";"2023"
"MUR36";3;0;"DMuro";"2023"
"MUR37";10;0;"DMuro";"2023"
"MUR39";9;0;"DMuro";"2023"
"MUR40";4;1;"DMuro";"2023"
"MUR41";8;1;"DMuro";"2023"
"MUR42";10;0;"DMuro";"2023"
"MUR43";9;0;"DMuro";"2023"
"MUR45";8;0;"DMuro";"2023"
"MUR46";0;9;"DMuro";"2023"
"MUR47";6;1;"DMuro";"2023"
"MUR48";3;2;"DMuro";"2023"
"MUR49";8;1;"DMuro";"2023"
"MUR50";7;0;"DMuro";"2023"
"MUR51";7;0;"DMuro";"2023"
"MUR53";10;0;"DMuro";"2023"
"MUR54";10;0;"DMuro";"2023"
"MUR55";7;1;"DMuro";"2023"
"MUR57";7;0;"DMuro";"2023"
"MUR58";11;1;"DMuro";"2023"
"MUR59";9;0;"DMuro";"2023"
"MUR72";4;2;"DMuro";"2023"
"MUR77";8;0;"DMuro";"2023"
"MUR85";11;0;"DMuro";"2023"
"MUR86";9;0;"DMuro";"2023"
"MUR87";10;0;"DMuro";"2023"
"MUR88";5;0;"DMuro";"2023"
"MUR88bis";9;0;"DMuro";"2023"
"MUR89";8;0;"DMuro";"2023"
"MUR91";11;0;"DMuro";"2023"
"MUR93";0;7;"DMuro";"2023"
"MUR95";8;0;"DMuro";"2023"
"MUR97";8;0;"DMuro";"2023"
"MUR99";10;0;"DMuro";"2023"
"FEL1";4;0;"DMuro";"2023"
"FEL3";7;0;"DMuro";"2023"
"FEL4";7;0;"DMuro";"2023"
"FEL5";8;0;"DMuro";"2023"
"FEL6";5;0;"DMuro";"2023"
"FEL7";8;0;"DMuro";"2023"
"FEL8";9;0;"DMuro";"2023"
"FEL9";9;0;"DMuro";"2023"
"FEL11";12;0;"DMuro";"2023"
"FEL12";6;1;"DMuro";"2023"
"FEL13";3;0;"DMuro";"2023"
"FEL14";8;1;"DMuro";"2023"
"FEL15";4;0;"DMuro";"2023"
"FEL16";7;0;"DMuro";"2023"
"FEL20";9;0;"DMuro";"2023"
"ARI2";2;6;"EMuro";"2023"
"ARI4";1;6;"EMuro";"2023"
"ARI5";0;9;"EMuro";"2023"
"ARI11";0;8;"EMuro";"2023"
"ARI13";0;7;"EMuro";"2023"
"ARI14";6;0;"EMuro";"2023"
"ARI16";5;1;"EMuro";"2023"
"ARI18";4;0;"EMuro";"2023"
"ARI23";4;1;"EMuro";"2023"
"ARI25";7;0;"EMuro";"2023"
"ARI29";8;0;"EMuro";"2023"
"ARI30";6;0;"EMuro";"2023"
"FIL1";7;0;"EMuro";"2023"
"FIL2";8;1;"EMuro";"2023"
"FIL3";9;0;"EMuro";"2023"
"FIL5";7;0;"EMuro";"2023"
"FIL6";8;0;"EMuro";"2023"
"FIL7";6;1;"EMuro";"2023"
"FIL8";4;0;"EMuro";"2023"
"FIL9";9;0;"EMuro";"2023"
"FIL10";7;0;"EMuro";"2023"
"FIL11";8;0;"EMuro";"2023"
"FIL12";6;1;"EMuro";"2023"
"FIL13";7;0;"EMuro";"2023"
"FIL14";6;0;"EMuro";"2023"
"FIL15";5;0;"EMuro";"2023"
"FIL16";6;0;"EMuro";"2023"
"FIL19";6;0;"EMuro";"2023"
"FIL19bis";6;0;"EMuro";"2023"
"FIL21";8;0;"EMuro";"2023"
"FIL23";6;0;"EMuro";"2023"
"FIL24";8;0;"EMuro";"2023"
"FIL25";7;0;"EMuro";"2023"
"GRA1";8;0;"EMuro";"2023"
"GRA3";7;0;"EMuro";"2023"
"GRA6";0;9;"EMuro";"2023"
"GRA7";7;0;"EMuro";"2023"
"GRA8";6;0;"EMuro";"2023"
"GRA9";2;2;"EMuro";"2023"
"GRA13";7;0;"EMuro";"2023"
"GRA14";7;0;"EMuro";"2023"
"GRA15";7;0;"EMuro";"2023"
"GRA16";8;0;"EMuro";"2023"
"GRA17";8;0;"EMuro";"2023"
"GRA20";5;2;"EMuro";"2023"
"PIR13";8;0;"EPirio";"2023"
"PIR14";7;0;"EPirio";"2023"
"PIR17";9;0;"EPirio";"2023"
"PIR20";7;1;"EPirio";"2023"
"PIR22";4;0;"EPirio";"2023"
"PIR26";0;7;"EPirio";"2023"
"PIR34";7;0;"EPirio";"2023"
"PIR126";6;0;"EPirio";"2023"
"PIR134";1;7;"EPirio";"2023"
"PIR137";5;0;"EPirio";"2023"
"PIR232";6;0;"EPirio";"2023"
"PIR234";6;1;"EPirio";"2023"
"PIR235";8;0;"EPirio";"2023"
"PIR239";5;2;"EPirio";"2023"
"PIR246";8;0;"EPirio";"2023"
"PIR247";8;0;"EPirio";"2023"
"PIR39";9;0;"EPirio";"2023"
"PIR40";9;0;"EPirio";"2023"
"PIR49";5;1;"EPirio";"2023"
"PIR119";6;0;"EPirio";"2023"
"PIR120";8;0;"EPirio";"2023"
"PIR124";6;0;"EPirio";"2023"
"PIR154";6;1;"EPirio";"2023"
"PIR157";7;0;"EPirio";"2023"
"PIR158";7;1;"EPirio";"2023"
"PIR159";7;0;"EPirio";"2023"
"PIR202";2;3;"EPirio";"2023"
"PIR204";7;0;"EPirio";"2023"
"PIR205";7;0;"EPirio";"2023"
"PIR208";7;0;"EPirio";"2023"
"PIR3";5;0;"EPirio";"2023"
"PIR66";7;1;"EPirio";"2023"
"PIR65";2;0;"EPirio";"2023"
"PIR68";6;0;"EPirio";"2023"
"PIR71";3;0;"EPirio";"2023"
"PIR75";0;5;"EPirio";"2023"
"PIR81";5;1;"EPirio";"2023"
"PIR85";4;1;"EPirio";"2023"
"PIR92";8;1;"EPirio";"2023"
"PIR96";7;1;"EPirio";"2023"
"PIR100";7;0;"EPirio";"2023"
"PIR101";7;0;"EPirio";"2023"
"PIR102";3;0;"EPirio";"2023"
"PIR105";7;0;"EPirio";"2023"
"PIR107";7;0;"EPirio";"2023"
