"";"id";"clutch";"nichoir";"station";"pop";"date";"stade";"obs";"ACH";"PUL";"MEN";"LAV";"IMM"
"ARI2_NC_2023-04-18";"ARI2_NC";"ARI2";"ARI2";"ARI";"EMuro";2023-04-18;"couvaison";"CD";0;0;0;0,5;0
"ARI2_NC_2023-04-25";"ARI2_NC";"ARI2";"ARI2";"ARI";"EMuro";2023-04-25;"couvaison";"HD";0;0;1;1;0
"ARI2_NE_2023-05-02";"ARI2_NE";"ARI2";"ARI2";"ARI";"EMuro";2023-05-02;"elevage";"HD";0;0;0;1;0
"ARI2_NE_2023-05-12";"ARI2_NE";"ARI2";"ARI2";"ARI";"EMuro";2023-05-12;"elevage";"HD";0;1;0;1;0
"ARI4_NC_2023-04-18";"ARI4_NC";"ARI4";"ARI4";"ARI";"EMuro";2023-04-18;"couvaison";"LS";0;0;0;0;0
"ARI4_NC_2023-04-25";"ARI4_NC";"ARI4";"ARI4";"ARI";"EMuro";2023-04-25;"couvaison";"HD";0;0;0;1;0
"ARI4_NE_2023-05-02";"ARI4_NE";"ARI4";"ARI4";"ARI";"EMuro";2023-05-02;"elevage";"HD";0;0;0;1;0
"ARI4_NE_2023-05-14";"ARI4_NE";"ARI4";"ARI4";"ARI";"EMuro";2023-05-14;"elevage";"ABF";0;0;0;2;0
"ARI5_NC_2023-04-18";"ARI5_NC";"ARI5";"ARI5";"ARI";"EMuro";2023-04-18;"couvaison";"CD";0;0;0;1;0
"ARI5_NC_2023-04-25";"ARI5_NC";"ARI5";"ARI5";"ARI";"EMuro";2023-04-25;"couvaison";"HD";0;0;1;1;0
"ARI5_NE_2023-05-02";"ARI5_NE";"ARI5";"ARI5";"ARI";"EMuro";2023-05-02;"elevage";"HD";0;0;1;0;0
"ARI6_NC_2023-04-25";"ARI6_NC";"ARI6";"ARI6";"ARI";"EMuro";2023-04-25;"couvaison";"HD";0;0;0;2;0
"ARI6_NC_2023-05-02";"ARI6_NC";"ARI6";"ARI6";"ARI";"EMuro";2023-05-02;"couvaison";"HD";0;0;0;0;1
"ARI11_NC_2023-04-18";"ARI11_NC";"ARI11";"ARI11";"ARI";"EMuro";2023-04-18;"couvaison";"CD";1;0;0;0;0
"ARI11_NC_2023-04-25";"ARI11_NC";"ARI11";"ARI11";"ARI";"EMuro";2023-04-25;"couvaison";"HD";0;0;0;1;0
"ARI11_NE_2023-05-02";"ARI11_NE";"ARI11";"ARI11";"ARI";"EMuro";2023-05-02;"elevage";"GG";0;0;0;1;0
"ARI13_NC_2023-04-18";"ARI13_NC";"ARI13";"ARI13";"ARI";"EMuro";2023-04-18;"couvaison";"LS";0;0;0;2;0
"ARI13_NC_2023-04-25";"ARI13_NC";"ARI13";"ARI13";"ARI";"EMuro";2023-04-25;"couvaison";"HD";0;0;0;2;0
"ARI13_NE_2023-05-02";"ARI13_NE";"ARI13";"ARI13";"ARI";"EMuro";2023-05-02;"elevage";"GG";0,5;0;0,5;1;0
"ARI14_NC_2023-04-11";"ARI14_NC";"ARI14";"ARI14";"ARI";"EMuro";2023-04-11;"couvaison";"LS";0;0;0;0;0
"ARI14_NC_2023-04-18";"ARI14_NC";"ARI14";"ARI14";"ARI";"EMuro";2023-04-18;"couvaison";"LS";0;0;0;0;0
"ARI14_NE_2023-04-25";"ARI14_NE";"ARI14";"ARI14";"ARI";"EMuro";2023-04-25;"elevage";"HD";0;0;0;1;0
"ARI14_NE_2023-05-08";"ARI14_NE";"ARI14";"ARI14";"ARI";"EMuro";2023-05-08;"elevage";"GG";0;0;0;0,5;0
"ARI16_NC_2023-04-18";"ARI16_NC";"ARI16";"ARI16";"ARI";"EMuro";2023-04-18;"couvaison";"LS";0;0;0;0;0
"ARI16_NC_2023-04-25";"ARI16_NC";"ARI16";"ARI16";"ARI";"EMuro";2023-04-25;"couvaison";"HD";0;0;0,5;0;1
"ARI16_NE_2023-05-02";"ARI16_NE";"ARI16";"ARI16";"ARI";"EMuro";2023-05-02;"elevage";"HD";0;0;0;0;1
"ARI16_NE_2023-05-14";"ARI16_NE";"ARI16";"ARI16";"ARI";"EMuro";2023-05-14;"elevage";"ABF";0;0;0;0;1
"ARI18_NC_2023-04-25";"ARI18_NC";"ARI18";"ARI18";"ARI";"EMuro";2023-04-25;"couvaison";"HD";0,5;0;0;0;0
"ARI18_NC_2023-05-02";"ARI18_NC";"ARI18";"ARI18";"ARI";"EMuro";2023-05-02;"couvaison";"HD";0;0;1;0;0
"ARI18_NE_2023-05-09";"ARI18_NE";"ARI18";"ARI18";"ARI";"EMuro";2023-05-09;"elevage";"VR";0;0,5;0,5;0;0
"ARI18_NE_2023-05-20";"ARI18_NE";"ARI18";"ARI18";"ARI";"EMuro";2023-05-20;"elevage";"HD";0;1;0;0;0
"ARI20_NC_2023-06-06";"ARI20_NC";"ARI20";"ARI20";"ARI";"EMuro";2023-06-06;"couvaison";"MC";0;0;0;0;0,5
"ARI20_NE_2023-06-14";"ARI20_NE";"ARI20";"ARI20";"ARI";"EMuro";2023-06-14;"elevage";"VR";0;0;0;0;0
"ARI23_NC_2023-04-25";"ARI23_NC";"ARI23";"ARI23";"ARI";"EMuro";2023-04-25;"couvaison";"HD";0;0;0;0;0
"ARI23_NC_2023-05-02";"ARI23_NC";"ARI23";"ARI23";"ARI";"EMuro";2023-05-02;"couvaison";"HD";0;0;0;0;0
"ARI23_NE_2023-05-09";"ARI23_NE";"ARI23";"ARI23";"ARI";"EMuro";2023-05-09;"elevage";"VR";0;0;0;0;0
"ARI23_NE_2023-05-18";"ARI23_NE";"ARI23";"ARI23";"ARI";"EMuro";2023-05-18;"elevage";"ABF";0;0;0;0;0
"ARI25_NC_2023-04-18";"ARI25_NC";"ARI25";"ARI25";"ARI";"EMuro";2023-04-18;"couvaison";"LS";1;0;0;0;0
"ARI25_NC_2023-04-25";"ARI25_NC";"ARI25";"ARI25";"ARI";"EMuro";2023-04-25;"couvaison";"HD";0;0;1;0;0
"ARI25_NE_2023-05-02";"ARI25_NE";"ARI25";"ARI25";"ARI";"EMuro";2023-05-02;"elevage";"HD";0;0;1;0;0
"ARI25_NE_2023-05-13";"ARI25_NE";"ARI25";"ARI25";"ARI";"EMuro";2023-05-13;"elevage";"ABF";0;0;0;0;0
"ARI29_NC_2023-04-18";"ARI29_NC";"ARI29";"ARI29";"ARI";"EMuro";2023-04-18;"couvaison";"LS";0;0;0;0;0
"ARI29_NC_2023-04-25";"ARI29_NC";"ARI29";"ARI29";"ARI";"EMuro";2023-04-25;"couvaison";"HD";0;0;0;0;0
"ARI29_NE_2023-05-02";"ARI29_NE";"ARI29";"ARI29";"ARI";"EMuro";2023-05-02;"elevage";"HD";0;0;1;0;0
"ARI30_NC_2023-05-02";"ARI30_NC";"ARI30";"ARI30";"ARI";"EMuro";2023-05-02;"couvaison";"HD";0;0;1;0;0
"ARI30_NC_2023-05-09";"ARI30_NC";"ARI30";"ARI30";"ARI";"EMuro";2023-05-09;"couvaison";"VR";0;0;1;0;0
"ARI30_NE_2023-05-14";"ARI30_NE";"ARI30";"ARI30";"ARI";"EMuro";2023-05-14;"elevage";"ABF";0;0;0;0;0
"ARI30_NE_2023-05-23";"ARI30_NE";"ARI30";"ARI30";"ARI";"EMuro";2023-05-23;"elevage";"ABF";0;0;0;0;0
"AVA1_NC_2023-04-25";"AVA1_NC";"AVA1";"AVA1";"AVA";"DMuro";2023-04-25;"couvaison";"ABF";0,5;0;0;0;0
"AVA1_NC_2023-04-18";"AVA1_NC";"AVA1";"AVA1";"AVA";"DMuro";2023-04-18;"couvaison";"CD";0;0;0;0;2
"AVA1_NE_2023-05-02";"AVA1_NE";"AVA1";"AVA1";"AVA";"DMuro";2023-05-02;"elevage";"HD";0;0;0;0;0
"AVA1_NE_2023-05-14";"AVA1_NE";"AVA1";"AVA1";"AVA";"DMuro";2023-05-14;"elevage";"GG";0;0;0,5;0;2
"AVA3_NC_2023-04-18";"AVA3_NC";"AVA3";"AVA3";"AVA";"DMuro";2023-04-18;"couvaison";"HD";1;0;0,5;0;0,5
"AVA3_NC_2023-04-25";"AVA3_NC";"AVA3";"AVA3";"AVA";"DMuro";2023-04-25;"couvaison";"HD";1;0;0;0;1
"AVA3_NE_2023-05-02";"AVA3_NE";"AVA3";"AVA3";"AVA";"DMuro";2023-05-02;"elevage";"HD";0,5;0;0;1;1
"AVA3_NE_2023-05-11";"AVA3_NE";"AVA3";"AVA3";"AVA";"DMuro";2023-05-11;"elevage";"HD";0,5;0;0;1;0
"AVA4_NC_2023-05-23";"AVA4_NC";"AVA4";"AVA4";"AVA";"DMuro";2023-05-23;"couvaison";"VR";1;0;0;1;0
"AVA4_NC_2023-05-27";"AVA4_NC";"AVA4";"AVA4";"AVA";"DMuro";2023-05-27;"couvaison";"ABF";2;0;0;1;0
"AVA4_NC_2023-05-30";"AVA4_NC";"AVA4";"AVA4";"AVA";"DMuro";2023-05-30;"couvaison";"VR";0,5;0;0;0;0,5
"AVA4_NE_2023-06-06";"AVA4_NE";"AVA4";"AVA4";"AVA";"DMuro";2023-06-06;"elevage";"HD";0;0;0;0;0,5
"AVA4_NE_2023-06-13";"AVA4_NE";"AVA4";"AVA4";"AVA";"DMuro";2023-06-13;"elevage";"MC";0;0;0;0;0,5
"AVA5_NC_2023-04-25";"AVA5_NC";"AVA5";"AVA5";"AVA";"DMuro";2023-04-25;"couvaison";"HD";1;0;0;0,5;0,5
"AVA5_NC_2023-04-18";"AVA5_NC";"AVA5";"AVA5";"AVA";"DMuro";2023-04-18;"couvaison";"HD";2;0;0;0;1
"AVA5_NE_2023-05-17";"AVA5_NE";"AVA5";"AVA5";"AVA";"DMuro";2023-05-17;"elevage";"HD";0;0;0;2;0
"AVA7_NC_2023-04-18";"AVA7_NC";"AVA7";"AVA7";"AVA";"DMuro";2023-04-18;"couvaison";"HD";1;0;0;0;0
"AVA7_NC_2023-04-25";"AVA7_NC";"AVA7";"AVA7";"AVA";"DMuro";2023-04-25;"couvaison";"HD";0;0;0,5;0;0
"AVA7_NE_2023-05-02";"AVA7_NE";"AVA7";"AVA7";"AVA";"DMuro";2023-05-02;"elevage";"GG";0;0;1;0;0,5
"AVA7_NE_2023-05-12";"AVA7_NE";"AVA7";"AVA7";"AVA";"DMuro";2023-05-12;"elevage";"ABF";2;0;0;2;0
"AVA8_NC_2023-04-18";"AVA8_NC";"AVA8";"AVA8";"AVA";"DMuro";2023-04-18;"couvaison";"HD";0,5;0;0;0;0
"AVA8_NC_2023-04-25";"AVA8_NC";"AVA8";"AVA8";"AVA";"DMuro";2023-04-25;"couvaison";"HD";0,5;0;0;0;0
"AVA8_NE_2023-05-02";"AVA8_NE";"AVA8";"AVA8";"AVA";"DMuro";2023-05-02;"elevage";"GG";0,5;0;0,5;0;0
"AVA8_NE_2023-05-15";"AVA8_NE";"AVA8";"AVA8";"AVA";"DMuro";2023-05-15;"elevage";"ABF";0;0;0;0;0
"AVA9-1_NC_2023-04-18";"AVA9-1_NC";"AVA9-1";"AVA9";"AVA";"DMuro";2023-04-18;"couvaison";"HD";1;0;0,5;0;1
"AVA9-1_NC_2023-04-25";"AVA9-1_NC";"AVA9-1";"AVA9";"AVA";"DMuro";2023-04-25;"couvaison";"HD";0,5;0;1;1;0
"AVA9-1_NE_2023-05-02";"AVA9-1_NE";"AVA9-1";"AVA9";"AVA";"DMuro";2023-05-02;"elevage";"GG";1;0;0;1;0
"AVA9-2_NE_2023-06-14";"AVA9-2_NE";"AVA9-2";"AVA9";"AVA";"DMuro";2023-06-14;"elevage";"VR";0;0;0;0;0
"AVA9-2_NE_2023-06-22";"AVA9-2_NE";"AVA9-2";"AVA9";"AVA";"DMuro";2023-06-22;"elevage";"HD";0;0;0;0;0
"AVA9-2_NC_2023-05-23";"AVA9-2_NC";"AVA9-2";"AVA9";"AVA";"DMuro";2023-05-23;"couvaison";"GG";0;0;0;0;0
"AVA9-2_NC_2023-05-30";"AVA9-2_NC";"AVA9-2";"AVA9";"AVA";"DMuro";2023-05-30;"couvaison";"ABF";0;0;0;0;0
"AVA10_NC_2023-04-18";"AVA10_NC";"AVA10";"AVA10";"AVA";"DMuro";2023-04-18;"couvaison";"HD";0;0;0;0;1
"AVA10_NC_2023-04-25";"AVA10_NC";"AVA10";"AVA10";"AVA";"DMuro";2023-04-25;"couvaison";"HD";0,5;0;0;0;0
"AVA10_NE_2023-05-02";"AVA10_NE";"AVA10";"AVA10";"AVA";"DMuro";2023-05-02;"elevage";"GG";1;0;0;0;0
"AVA10_NE_2023-05-13";"AVA10_NE";"AVA10";"AVA10";"AVA";"DMuro";2023-05-13;"elevage";"ABF";0;1;0;0;0
"AVA11_NC_2023-04-11";"AVA11_NC";"AVA11";"AVA11";"AVA";"DMuro";2023-04-11;"couvaison";"LS";0;0;0;0,5;0
"AVA11_NC_2023-04-18";"AVA11_NC";"AVA11";"AVA11";"AVA";"DMuro";2023-04-18;"couvaison";"HD";0;0;0;1;0
"AVA11_NC_2023-04-25";"AVA11_NC";"AVA11";"AVA11";"AVA";"DMuro";2023-04-25;"couvaison";"ABF";0;0;1;1;0
"AVA11_NE_2023-05-07";"AVA11_NE";"AVA11";"AVA11";"AVA";"DMuro";2023-05-07;"elevage";"ABF";0;0;0;1;0
"AVA12-2_NC_2023-04-25";"AVA12-2_NC";"AVA12-2";"AVA12";"AVA";"DMuro";2023-04-25;"couvaison";"ABF";0;0;0;0;0
"AVA12-1_NC_2023-04-18";"AVA12-1_NC";"AVA12-1";"AVA12";"AVA";"DMuro";2023-04-18;"couvaison";"HD";0;0;0;0;0
"AVA12-2_NC_2023-05-02";"AVA12-2_NC";"AVA12-2";"AVA12";"AVA";"DMuro";2023-05-02;"couvaison";"HD";0;0;1;0;0
"AVA13_NC_2023-04-18";"AVA13_NC";"AVA13";"AVA13";"AVA";"DMuro";2023-04-18;"couvaison";"CD";2;0;0;0;2
"AVA13_NC_2023-04-25";"AVA13_NC";"AVA13";"AVA13";"AVA";"DMuro";2023-04-25;"couvaison";"ABF";2;0;0;0;3
"AVA13_NE_2023-05-02";"AVA13_NE";"AVA13";"AVA13";"AVA";"DMuro";2023-05-02;"elevage";"HD";1;0;1;1;1
"AVA13_NE_2023-05-13";"AVA13_NE";"AVA13";"AVA13";"AVA";"DMuro";2023-05-13;"elevage";"ABF";2;1;0;2;2
"AVA14_NC_2023-04-25";"AVA14_NC";"AVA14";"AVA14";"AVA";"DMuro";2023-04-25;"couvaison";"ABF";0;0;0;0;0
"AVA14_NC_2023-05-02";"AVA14_NC";"AVA14";"AVA14";"AVA";"DMuro";2023-05-02;"couvaison";"HD";1;0;0;0,5;0
"AVA14_NE_2023-05-18";"AVA14_NE";"AVA14";"AVA14";"AVA";"DMuro";2023-05-18;"elevage";"ABF";0;0;0;1;0
"AVA16_NC_2023-04-11";"AVA16_NC";"AVA16";"AVA16";"AVA";"DMuro";2023-04-11;"couvaison";"LS";0;0;0;0;0
"AVA16_NC_2023-04-18";"AVA16_NC";"AVA16";"AVA16";"AVA";"DMuro";2023-04-18;"couvaison";"CD";0;0;0;1;0
"AVA17-1_NC_2023-04-25";"AVA17-1_NC";"AVA17-1";"AVA17";"AVA";"DMuro";2023-04-25;"couvaison";"ABF";0;0;0;0,5;0
"AVA17-2_NC_2023-05-02";"AVA17-2_NC";"AVA17-2";"AVA17";"AVA";"DMuro";2023-05-02;"couvaison";"VR";0,5;0;0;0;0
"AVA17-2_NC_2023-05-16";"AVA17-2_NC";"AVA17-2";"AVA17";"AVA";"DMuro";2023-05-16;"couvaison";"HD";2;0;0;0;0
"AVA17-2_NE_2023-06-06";"AVA17-2_NE";"AVA17-2";"AVA17";"AVA";"DMuro";2023-06-06;"elevage";"HD";0;0;0;0;0
"AVA18-1_NC_2023-04-18";"AVA18-1_NC";"AVA18-1";"AVA18";"AVA";"DMuro";2023-04-18;"couvaison";"CD";0;0;0;0;0
"AVA18-1_NC_2023-04-25";"AVA18-1_NC";"AVA18-1";"AVA18";"AVA";"DMuro";2023-04-25;"couvaison";"HD";0;0;1;0;0
"AVA18-1_NE_2023-05-02";"AVA18-1_NE";"AVA18-1";"AVA18";"AVA";"DMuro";2023-05-02;"elevage";"VR";0;0,5;0;0;0
"AVA18-2_NC_2023-05-23";"AVA18-2_NC";"AVA18-2";"AVA18";"AVA";"DMuro";2023-05-23;"couvaison";"HD";0,5;0;0,5;0;0
"AVA18-2_NC_2023-05-27";"AVA18-2_NC";"AVA18-2";"AVA18";"AVA";"DMuro";2023-05-27;"couvaison";"ABF";0;0;0;0;0
"AVA18-2_NC_2023-05-30";"AVA18-2_NC";"AVA18-2";"AVA18";"AVA";"DMuro";2023-05-30;"couvaison";"HD";1;0;0,5;0,5;0
"AVA18-2_NE_2023-06-06";"AVA18-2_NE";"AVA18-2";"AVA18";"AVA";"DMuro";2023-06-06;"elevage";"HD";1;0;0;0;0
"AVA18-2_NE_2023-06-17";"AVA18-2_NE";"AVA18-2";"AVA18";"AVA";"DMuro";2023-06-17;"elevage";"GG";1;0;0,5;0;0
"AVA20-1_NC_2023-04-11";"AVA20-1_NC";"AVA20-1";"AVA20";"AVA";"DMuro";2023-04-11;"couvaison";"LS";0;0;0;0;0,5
"AVA20-1_NC_2023-04-18";"AVA20-1_NC";"AVA20-1";"AVA20";"AVA";"DMuro";2023-04-18;"couvaison";"CD";0;0;0;0,5;0,5
"AVA20-1_NE_2023-05-09";"AVA20-1_NE";"AVA20-1";"AVA20";"AVA";"DMuro";2023-05-09;"elevage";"HD";0;0;0;1;0
"AVA20-2_NC_2023-05-30";"AVA20-2_NC";"AVA20-2";"AVA20";"AVA";"DMuro";2023-05-30;"couvaison";"HD";1;0;1;0;0
"AVA20-2_NC_2023-06-06";"AVA20-2_NC";"AVA20-2";"AVA20";"AVA";"DMuro";2023-06-06;"couvaison";"HD";0;0;0;0;0
"AVA20-2_NE_2023-06-14";"AVA20-2_NE";"AVA20-2";"AVA20";"AVA";"DMuro";2023-06-14;"elevage";"MC";1;0;1;0;0
"AVA21_NC_2023-04-18";"AVA21_NC";"AVA21";"AVA21";"AVA";"DMuro";2023-04-18;"couvaison";"VR";1;0;0;1;0
"AVA21_NC_2023-04-25";"AVA21_NC";"AVA21";"AVA21";"AVA";"DMuro";2023-04-25;"couvaison";"HD";1;0;0;1;0
"AVA21_NE_2023-05-16";"AVA21_NE";"AVA21";"AVA21";"AVA";"DMuro";2023-05-16;"elevage";"HD";0;0;0;2;0
"FEL1_NC_2023-04-11";"FEL1_NC";"FEL1";"FEL1";"FEL";"DMuro";2023-04-11;"couvaison";"LS";0;0;0;0;0
"FEL1_NC_2023-04-18";"FEL1_NC";"FEL1";"FEL1";"FEL";"DMuro";2023-04-18;"couvaison";"HD";1;0;0;0;0
"FEL1_NE_2023-04-25";"FEL1_NE";"FEL1";"FEL1";"FEL";"DMuro";2023-04-25;"elevage";"HD";1;0;0;0;0
"FEL1_NE_2023-05-08";"FEL1_NE";"FEL1";"FEL1";"FEL";"DMuro";2023-05-08;"elevage";"HD";1;0;1;1;0
"FEL2_NC_2023-05-16";"FEL2_NC";"FEL2";"FEL2";"FEL";"DMuro";2023-05-16;"couvaison";"VR";2;0;0;2;0
"FEL2_NC_2023-05-23";"FEL2_NC";"FEL2";"FEL2";"FEL";"DMuro";2023-05-23;"couvaison";"ABF";2;0;2;0;2
"FEL2_NE_2023-06-03";"FEL2_NE";"FEL2";"FEL2";"FEL";"DMuro";2023-06-03;"elevage";"HD";1;0;0;0;1
"FEL3_NC_2023-04-18";"FEL3_NC";"FEL3";"FEL3";"FEL";"DMuro";2023-04-18;"couvaison";"HD";0;0;1;0;0
"FEL3_NC_2023-04-25";"FEL3_NC";"FEL3";"FEL3";"FEL";"DMuro";2023-04-25;"couvaison";"HD";1;0;0;0;0
"FEL3_NE_2023-05-02";"FEL3_NE";"FEL3";"FEL3";"FEL";"DMuro";2023-05-02;"elevage";"ABF";1;0;0,5;0,5;0
"FEL3_NE_2023-05-13";"FEL3_NE";"FEL3";"FEL3";"FEL";"DMuro";2023-05-13;"elevage";"HD";0;0;0;0;0
"FEL4_NC_2023-04-25";"FEL4_NC";"FEL4";"FEL4";"FEL";"DMuro";2023-04-25;"couvaison";"HD";1;0;0;0;0
"FEL4_NC_2023-05-02";"FEL4_NC";"FEL4";"FEL4";"FEL";"DMuro";2023-05-02;"couvaison";"ABF";3;0;0;0;0
"FEL4_NE_2023-05-09";"FEL4_NE";"FEL4";"FEL4";"FEL";"DMuro";2023-05-09;"elevage";"VR";0,5;0;0,5;0;0
"FEL4_NE_2023-05-20";"FEL4_NE";"FEL4";"FEL4";"FEL";"DMuro";2023-05-20;"elevage";"ABF";3;0;0,5;0;0
"FEL5_NC_2023-04-11";"FEL5_NC";"FEL5";"FEL5";"FEL";"DMuro";2023-04-11;"couvaison";"LS";0;0;0;0;0
"FEL5_NC_2023-04-18";"FEL5_NC";"FEL5";"FEL5";"FEL";"DMuro";2023-04-18;"couvaison";"VR";1;0;0;1;0
"FEL5_NE_2023-04-25";"FEL5_NE";"FEL5";"FEL5";"FEL";"DMuro";2023-04-25;"elevage";"HD";1;0;1;0;0
"FEL5_NE_2023-05-07";"FEL5_NE";"FEL5";"FEL5";"FEL";"DMuro";2023-05-07;"elevage";"VR";1;1;0;0;0
"FEL6_NC_2023-04-25";"FEL6_NC";"FEL6";"FEL6";"FEL";"DMuro";2023-04-25;"couvaison";"HD";0,5;0;0;0;0
"FEL6_NC_2023-05-02";"FEL6_NC";"FEL6";"FEL6";"FEL";"DMuro";2023-05-02;"couvaison";"HD";0,5;0;0;0;0
"FEL6_NE_2023-05-09";"FEL6_NE";"FEL6";"FEL6";"FEL";"DMuro";2023-05-09;"elevage";"VR";0;0;0,5;0;0
"FEL6_NE_2023-05-20";"FEL6_NE";"FEL6";"FEL6";"FEL";"DMuro";2023-05-20;"elevage";"ABF";0;0;0;0;0
"FEL7_NC_2023-04-11";"FEL7_NC";"FEL7";"FEL7";"FEL";"DMuro";2023-04-11;"couvaison";"LS";0;0;0;0;0
"FEL7_NC_2023-04-18";"FEL7_NC";"FEL7";"FEL7";"FEL";"DMuro";2023-04-18;"couvaison";"VR";1;0;0;0;1
"FEL7_NE_2023-04-25";"FEL7_NE";"FEL7";"FEL7";"FEL";"DMuro";2023-04-25;"elevage";"HD";1;0;0;0;1
"FEL7_NE_2023-05-09";"FEL7_NE";"FEL7";"FEL7";"FEL";"DMuro";2023-05-09;"elevage";"HD";0;0;1;1;0
"FEL8_NC_2023-04-11";"FEL8_NC";"FEL8";"FEL8";"FEL";"DMuro";2023-04-11;"couvaison";"LS";0;0;0;0;0
"FEL8_NC_2023-04-18";"FEL8_NC";"FEL8";"FEL8";"FEL";"DMuro";2023-04-18;"couvaison";"VR";0,5;0;0;1;0
"FEL8_NE_2023-04-25";"FEL8_NE";"FEL8";"FEL8";"FEL";"DMuro";2023-04-25;"elevage";"HD";0;0;0;1;0
"FEL8_NE_2023-05-07";"FEL8_NE";"FEL8";"FEL8";"FEL";"DMuro";2023-05-07;"elevage";"VR";0;0;0,5;1;0,5
"FEL9_NC_2023-04-11";"FEL9_NC";"FEL9";"FEL9";"FEL";"DMuro";2023-04-11;"couvaison";"LS";0;0;0;0;0
"FEL9_NC_2023-04-18";"FEL9_NC";"FEL9";"FEL9";"FEL";"DMuro";2023-04-18;"couvaison";"HD";0,5;0;1;0;0
"FEL9_NE_2023-04-25";"FEL9_NE";"FEL9";"FEL9";"FEL";"DMuro";2023-04-25;"elevage";"HD";1;0;0;0;0
"FEL9_NE_2023-05-08";"FEL9_NE";"FEL9";"FEL9";"FEL";"DMuro";2023-05-08;"elevage";"ABF";1;0;0;1;0
"FEL10_NC_2023-05-02";"FEL10_NC";"FEL10";"FEL10";"FEL";"DMuro";2023-05-02;"couvaison";"HD";0;0;2;0;0
"FEL10_NE_2023-05-23";"FEL10_NE";"FEL10";"FEL10";"FEL";"DMuro";2023-05-23;"elevage";"HD";1;0;1;1;0
"FEL11_NC_2023-04-18";"FEL11_NC";"FEL11";"FEL11";"FEL";"DMuro";2023-04-18;"couvaison";"HD";1;0;1;0;0
"FEL11_NC_2023-04-25";"FEL11_NC";"FEL11";"FEL11";"FEL";"DMuro";2023-04-25;"couvaison";"HD";0;1;0;1;0
"FEL11_NE_2023-05-02";"FEL11_NE";"FEL11";"FEL11";"FEL";"DMuro";2023-05-02;"elevage";"HD";0;0;1;0;0
"FEL11_NE_2023-05-11";"FEL11_NE";"FEL11";"FEL11";"FEL";"DMuro";2023-05-11;"elevage";"VR";0;0;0;0;0
"FEL12_NC_2023-04-11";"FEL12_NC";"FEL12";"FEL12";"FEL";"DMuro";2023-04-11;"couvaison";"LS";0;0;0;0;0
"FEL12_NC_2023-04-18";"FEL12_NC";"FEL12";"FEL12";"FEL";"DMuro";2023-04-18;"couvaison";"VR";0;1;1;0;0
"FEL12_NC_2023-04-25";"FEL12_NC";"FEL12";"FEL12";"FEL";"DMuro";2023-04-25;"couvaison";"HD";0;3;0;0;0
"FEL12_NE_2023-05-02";"FEL12_NE";"FEL12";"FEL12";"FEL";"DMuro";2023-05-02;"elevage";"HD";0;2;0;0;0
"FEL12_NE_2023-05-13";"FEL12_NE";"FEL12";"FEL12";"FEL";"DMuro";2023-05-13;"elevage";"ABF";0;3;0;0;0
"FEL13-1_NC_2023-04-11";"FEL13-1_NC";"FEL13-1";"FEL13";"FEL";"DMuro";2023-04-11;"couvaison";"LS";0;0;0;0;0
"FEL13-1_NC_2023-04-18";"FEL13-1_NC";"FEL13-1";"FEL13";"FEL";"DMuro";2023-04-18;"couvaison";"HD";1;0;0;1;0
"FEL13-1_NE_2023-04-25";"FEL13-1_NE";"FEL13-1";"FEL13";"FEL";"DMuro";2023-04-25;"elevage";"HD";1;0;0;2;0
"FEL13-1_NE_2023-05-02";"FEL13-1_NE";"FEL13-1";"FEL13";"FEL";"DMuro";2023-05-02;"elevage";"VR";1;0;0;2;1
"FEL13-1_NE_2023-05-08";"FEL13-1_NE";"FEL13-1";"FEL13";"FEL";"DMuro";2023-05-08;"elevage";"HD";2;0;0;2;0
"FEL13-2_NC_2023-05-23";"FEL13-2_NC";"FEL13-2";"FEL13";"FEL";"DMuro";2023-05-23;"couvaison";"VR";0,5;0;0,5;0;0
"FEL13-2_NC_2023-06-03";"FEL13-2_NC";"FEL13-2";"FEL13";"FEL";"DMuro";2023-06-03;"couvaison";"VR";0,5;0;0;0,5;0
"FEL13-2_NC_2023-06-14";"FEL13-2_NC";"FEL13-2";"FEL13";"FEL";"DMuro";2023-06-14;"couvaison";"MC";0;0,5;0;2;0
"FEL14_NC_2023-04-11";"FEL14_NC";"FEL14";"FEL14";"FEL";"DMuro";2023-04-11;"couvaison";"CD";0;0;0;0;0
"FEL14_NC_2023-04-18";"FEL14_NC";"FEL14";"FEL14";"FEL";"DMuro";2023-04-18;"couvaison";"VR";1;0;2;0;0
"FEL14_NE_2023-05-10";"FEL14_NE";"FEL14";"FEL14";"FEL";"DMuro";2023-05-10;"elevage";"VR";0,5;0;0;0;0
"FEL15_NC_2023-04-18";"FEL15_NC";"FEL15";"FEL15";"FEL";"DMuro";2023-04-18;"couvaison";"HD";1;0;0,5;0;0
"FEL15_NC_2023-04-25";"FEL15_NC";"FEL15";"FEL15";"FEL";"DMuro";2023-04-25;"couvaison";"HD";1;0;0;0;0
"FEL15_NE_2023-05-02";"FEL15_NE";"FEL15";"FEL15";"FEL";"DMuro";2023-05-02;"elevage";"VR";0;0;0;0,5;0,5
"FEL15_NE_2023-05-12";"FEL15_NE";"FEL15";"FEL15";"FEL";"DMuro";2023-05-12;"elevage";"GG";1;0;0;0;0
"FEL16_NC_2023-04-25";"FEL16_NC";"FEL16";"FEL16";"FEL";"DMuro";2023-04-25;"couvaison";"HD";0,5;0;0;0;0
"FEL16_NC_2023-05-02";"FEL16_NC";"FEL16";"FEL16";"FEL";"DMuro";2023-05-02;"couvaison";"VR";1;0;0;0;1
"FEL16_NE_2023-05-09";"FEL16_NE";"FEL16";"FEL16";"FEL";"DMuro";2023-05-09;"elevage";"VR";0,5;0;0;0;0
"FEL16_NE_2023-05-20";"FEL16_NE";"FEL16";"FEL16";"FEL";"DMuro";2023-05-20;"elevage";"HD";0;0;0;0;0
"FEL17_NC_2023-05-02";"FEL17_NC";"FEL17";"FEL17";"FEL";"DMuro";2023-05-02;"couvaison";"HD";0,5;0;1;1;0
"FEL17_NC_2023-05-09";"FEL17_NC";"FEL17";"FEL17";"FEL";"DMuro";2023-05-09;"couvaison";"VR";0;0;0;0,5;0
"FEL17_NE_2023-05-16";"FEL17_NE";"FEL17";"FEL17";"FEL";"DMuro";2023-05-16;"elevage";"VR";0;0;0;0;0
"FEL17_NE_2023-05-27";"FEL17_NE";"FEL17";"FEL17";"FEL";"DMuro";2023-05-27;"elevage";"ABF";0;0;0;0;0
"FEL19_NC_2023-05-16";"FEL19_NC";"FEL19";"FEL19";"FEL";"DMuro";2023-05-16;"couvaison";"VR";1;0;0;0;0
"FEL19_NC_2023-05-23";"FEL19_NC";"FEL19";"FEL19";"FEL";"DMuro";2023-05-23;"couvaison";"VR";1;0;0;0;0
"FEL19_NC_2023-05-25";"FEL19_NC";"FEL19";"FEL19";"FEL";"DMuro";2023-05-25;"couvaison";"VR";1;0;0;0;0
"FEL19_NE_2023-06-02";"FEL19_NE";"FEL19";"FEL19";"FEL";"DMuro";2023-06-02;"elevage";"VR";0;0;0;0;0
"FEL19_NE_2023-06-14";"FEL19_NE";"FEL19";"FEL19";"FEL";"DMuro";2023-06-14;"elevage";"VR";0,5;0;0;0;0
"FEL20-1_NC_2023-04-11";"FEL20-1_NC";"FEL20-1";"FEL20";"FEL";"DMuro";2023-04-11;"couvaison";"LS";0;0;0;0;0
"FEL20-1_NC_2023-04-18";"FEL20-1_NC";"FEL20-1";"FEL20";"FEL";"DMuro";2023-04-18;"couvaison";"HD";0;0;0;0;0
"FEL20-1_NE_2023-05-04";"FEL20-1_NE";"FEL20-1";"FEL20";"FEL";"DMuro";2023-05-04;"elevage";"HD";0;0;0;1;0
"FEL20-2_NC_2023-05-23";"FEL20-2_NC";"FEL20-2";"FEL20";"FEL";"DMuro";2023-05-23;"couvaison";"VR";0;0;0;0;0
"FEL20-2_NC_2023-05-25";"FEL20-2_NC";"FEL20-2";"FEL20";"FEL";"DMuro";2023-05-25;"couvaison";"VR";0;0;0;0;0
"FEL20-2_NE_2023-06-03";"FEL20-2_NE";"FEL20-2";"FEL20";"FEL";"DMuro";2023-06-03;"elevage";"VR";0;0;0;0;0
"FIL1_NC_2023-04-18";"FIL1_NC";"FIL1";"FIL1";"FIL";"EMuro";2023-04-18;"couvaison";"ABF";0;0;0,5;0;0
"FIL1_NE_2023-05-09";"FIL1_NE";"FIL1";"FIL1";"FIL";"EMuro";2023-05-09;"elevage";"ABF";0;0;2;0;0
"FIL2_NC_2023-04-25";"FIL2_NC";"FIL2";"FIL2";"FIL";"EMuro";2023-04-25;"couvaison";"HD";0;0;2;0;0
"FIL2_NC_2023-05-02";"FIL2_NC";"FIL2";"FIL2";"FIL";"EMuro";2023-05-02;"couvaison";"ABF";0;0;0;0;0
"FIL2_NE_2023-05-20";"FIL2_NE";"FIL2";"FIL2";"FIL";"EMuro";2023-05-20;"elevage";"VR";0;0;0;0;0
"FIL3_NC_2023-04-18";"FIL3_NC";"FIL3";"FIL3";"FIL";"EMuro";2023-04-18;"couvaison";"HD";0;0;0;0;0
"FIL3_NC_2023-04-25";"FIL3_NC";"FIL3";"FIL3";"FIL";"EMuro";2023-04-25;"couvaison";"ABF";0;0;0,5;0;0
"FIL3_NE_2023-05-02";"FIL3_NE";"FIL3";"FIL3";"FIL";"EMuro";2023-05-02;"elevage";"ABF";0;0;0;0;0
"FIL3_NE_2023-05-13";"FIL3_NE";"FIL3";"FIL3";"FIL";"EMuro";2023-05-13;"elevage";"VR";0;0;0;0;0
"FIL4-1_NC_2023-04-18";"FIL4-1_NC";"FIL4-1";"FIL4";"FIL";"EMuro";2023-04-18;"couvaison";"ABF";0;0;0,5;0;0
"FIL4-1_NC_2023-04-25";"FIL4-1_NC";"FIL4-1";"FIL4";"FIL";"EMuro";2023-04-25;"couvaison";"ABF";0;0;0;0;0
"FIL4-2_NC_2023-05-14";"FIL4-2_NC";"FIL4-2";"FIL4";"FIL";"EMuro";2023-05-14;"couvaison";"ABF";0;0;0;0;0
"FIL4-2_NC_2023-05-23";"FIL4-2_NC";"FIL4-2";"FIL4";"FIL";"EMuro";2023-05-23;"couvaison";"GG";0;0;0;0;0
"FIL4-2_NE_2023-06-10";"FIL4-2_NE";"FIL4-2";"FIL4";"FIL";"EMuro";2023-06-10;"elevage";"HD";0;1;0;0;0
"FIL5_NC_2023-04-25";"FIL5_NC";"FIL5";"FIL5";"FIL";"EMuro";2023-04-25;"couvaison";"ABF";0;0;0;0;0,5
"FIL5_NC_2023-05-02";"FIL5_NC";"FIL5";"FIL5";"FIL";"EMuro";2023-05-02;"couvaison";"ABF";0;3;0;0;0
"FIL5_NE_2023-05-19";"FIL5_NE";"FIL5";"FIL5";"FIL";"EMuro";2023-05-19;"elevage";"GG";0;1;0;0;0
"FIL6-1_NC_2023-04-18";"FIL6-1_NC";"FIL6-1";"FIL6";"FIL";"EMuro";2023-04-18;"couvaison";"HD";0;0;0,5;0;0
"FIL6-1_NE_2023-05-09";"FIL6-1_NE";"FIL6-1";"FIL6";"FIL";"EMuro";2023-05-09;"elevage";"ABF";0;0;0;0;0
"FIL6-2_NC_2023-05-23";"FIL6-2_NC";"FIL6-2";"FIL6";"FIL";"EMuro";2023-05-23;"couvaison";"GG";0;0;0;0;0
"FIL6-2_NE_2023-06-14";"FIL6-2_NE";"FIL6-2";"FIL6";"FIL";"EMuro";2023-06-14;"elevage";"MC";0;0;0;0;0
"FIL6-2_NE_2023-06-10";"FIL6-2_NE";"FIL6-2";"FIL6";"FIL";"EMuro";2023-06-10;"elevage";"HD";0;1;0;0;0
"FIL7_NC_2023-04-18";"FIL7_NC";"FIL7";"FIL7";"FIL";"EMuro";2023-04-18;"couvaison";"HD";0;0;1;0;0,5
"FIL7_NE_2023-05-10";"FIL7_NE";"FIL7";"FIL7";"FIL";"EMuro";2023-05-10;"elevage";"ABF";0;0;0;0;0
"FIL8_NC_2023-04-25";"FIL8_NC";"FIL8";"FIL8";"FIL";"EMuro";2023-04-25;"couvaison";"HD";1;0;0;0;0
"FIL8_NC_2023-05-02";"FIL8_NC";"FIL8";"FIL8";"FIL";"EMuro";2023-05-02;"couvaison";"ABF";0;0;0;0;0
"FIL8_NE_2023-05-20";"FIL8_NE";"FIL8";"FIL8";"FIL";"EMuro";2023-05-20;"elevage";"ABF";0,5;0;0;0;0
"FIL9_NC_2023-04-25";"FIL9_NC";"FIL9";"FIL9";"FIL";"EMuro";2023-04-25;"couvaison";"ABF";0;0;0;0;0
"FIL9_NC_2023-05-02";"FIL9_NC";"FIL9";"FIL9";"FIL";"EMuro";2023-05-02;"couvaison";"ABF";0;0;0;0;0,5
"FIL9_NE_2023-05-23";"FIL9_NE";"FIL9";"FIL9";"FIL";"EMuro";2023-05-23;"elevage";"GG";0;0;0;0;0,5
"FIL10_NC_2023-05-14";"FIL10_NC";"FIL10";"FIL10";"FIL";"EMuro";2023-05-14;"couvaison";"HD";0;1;0;0;0
"FIL10_NE_2023-05-23";"FIL10_NE";"FIL10";"FIL10";"FIL";"EMuro";2023-05-23;"elevage";"ABF";0;0;0;0;0
"FIL10_NE_2023-05-31";"FIL10_NE";"FIL10";"FIL10";"FIL";"EMuro";2023-05-31;"elevage";"HD";0;1;0;0;0
"FIL11_NC_2023-04-25";"FIL11_NC";"FIL11";"FIL11";"FIL";"EMuro";2023-04-25;"couvaison";"ABF";0;0;2;0;3
"FIL11_NE_2023-05-16";"FIL11_NE";"FIL11";"FIL11";"FIL";"EMuro";2023-05-16;"elevage";"ABF";0;0;0;0;0
"FIL12_NC_2023-04-25";"FIL12_NC";"FIL12";"FIL12";"FIL";"EMuro";2023-04-25;"couvaison";"HD";1;0;1;0;1
"FIL12_NE_2023-05-16";"FIL12_NE";"FIL12";"FIL12";"FIL";"EMuro";2023-05-16;"elevage";"GG";0;0;2;0;0
"FIL13_NC_2023-04-18";"FIL13_NC";"FIL13";"FIL13";"FIL";"EMuro";2023-04-18;"couvaison";"ABF";0;0;1;0;0
"FIL13_NC_2023-04-25";"FIL13_NC";"FIL13";"FIL13";"FIL";"EMuro";2023-04-25;"couvaison";"ABF";0;0;1;0;0
"FIL13_NE_2023-05-02";"FIL13_NE";"FIL13";"FIL13";"FIL";"EMuro";2023-05-02;"elevage";"ABF";0;0;0,5;0;0
"FIL13_NE_2023-05-11";"FIL13_NE";"FIL13";"FIL13";"FIL";"EMuro";2023-05-11;"elevage";"GG";0;0;0,5;0;0
"FIL14_NC_2023-04-25";"FIL14_NC";"FIL14";"FIL14";"FIL";"EMuro";2023-04-25;"couvaison";"ABF";0;0;0;0;0
"FIL14_NC_2023-05-02";"FIL14_NC";"FIL14";"FIL14";"FIL";"EMuro";2023-05-02;"couvaison";"ABF";0;0;2;0;0
"FIL14_NE_2023-05-19";"FIL14_NE";"FIL14";"FIL14";"FIL";"EMuro";2023-05-19;"elevage";"GG";0;0;1;0;0
"FIL15_NC_2023-04-18";"FIL15_NC";"FIL15";"FIL15";"FIL";"EMuro";2023-04-18;"couvaison";"HD";0;0;1;0;0
"FIL15_NC_2023-04-25";"FIL15_NC";"FIL15";"FIL15";"FIL";"EMuro";2023-04-25;"couvaison";"ABF";0;0;0;0;0
"FIL15_NE_2023-05-02";"FIL15_NE";"FIL15";"FIL15";"FIL";"EMuro";2023-05-02;"elevage";"ABF";2;0;0;0;0
"FIL15_NE_2023-05-11";"FIL15_NE";"FIL15";"FIL15";"FIL";"EMuro";2023-05-11;"elevage";"GG";0;0;0;0;0
"FIL16_NC_2023-05-02";"FIL16_NC";"FIL16";"FIL16";"FIL";"EMuro";2023-05-02;"couvaison";"ABF";2;0;0;0;0
"FIL16_NE_2023-05-16";"FIL16_NE";"FIL16";"FIL16";"FIL";"EMuro";2023-05-16;"elevage";"VR";1;0;1;0;0
"FIL16_NE_2023-05-25";"FIL16_NE";"FIL16";"FIL16";"FIL";"EMuro";2023-05-25;"elevage";"GG";0,5;0;0;0;0
"FIL19_NC_2023-04-25";"FIL19_NC";"FIL19";"FIL19";"FIL";"EMuro";2023-04-25;"couvaison";"ABF";0;0;0;0;2
"FIL19_NC_2023-05-02";"FIL19_NC";"FIL19";"FIL19";"FIL";"EMuro";2023-05-02;"couvaison";"ABF";1;0;0;0;0
"FIL19_NE_2023-05-16";"FIL19_NE";"FIL19";"FIL19";"FIL";"EMuro";2023-05-16;"elevage";"VR";1;0,5;1;0;1
"FIL19_NE_2023-05-23";"FIL19_NE";"FIL19";"FIL19";"FIL";"EMuro";2023-05-23;"elevage";"GG";1;0;0,5;0;1
"FIL21_NC_2023-04-18";"FIL21_NC";"FIL21";"FIL21";"FIL";"EMuro";2023-04-18;"couvaison";"ABF";1;0;1;0;1
"FIL21_NC_2023-04-25";"FIL21_NC";"FIL21";"FIL21";"FIL";"EMuro";2023-04-25;"couvaison";"ABF";1;0;0;0;1
"FIL21_NE_2023-05-02";"FIL21_NE";"FIL21";"FIL21";"FIL";"EMuro";2023-05-02;"elevage";"ABF";0;0;0,5;0;0
"FIL21_NE_2023-05-11";"FIL21_NE";"FIL21";"FIL21";"FIL";"EMuro";2023-05-11;"elevage";"GG";1;0;1;0;0,5
"FIL23_NC_2023-05-02";"FIL23_NC";"FIL23";"FIL23";"FIL";"EMuro";2023-05-02;"couvaison";"ABF";0;0;0;0;0
"FIL23_NE_2023-05-14";"FIL23_NE";"FIL23";"FIL23";"FIL";"EMuro";2023-05-14;"elevage";"ABF";0;0;0;0;0
"FIL23_NE_2023-05-16";"FIL23_NE";"FIL23";"FIL23";"FIL";"EMuro";2023-05-16;"elevage";"VR";0;0;0;0;0
"FIL23_NE_2023-05-25";"FIL23_NE";"FIL23";"FIL23";"FIL";"EMuro";2023-05-25;"elevage";"HD";0;0;0;0;0
"FIL24_NC_2023-04-18";"FIL24_NC";"FIL24";"FIL24";"FIL";"EMuro";2023-04-18;"couvaison";"HD";0;0;0,5;0;0
"FIL24_NC_2023-04-25";"FIL24_NC";"FIL24";"FIL24";"FIL";"EMuro";2023-04-25;"couvaison";"ABF";1;0;1;0;0
"FIL24_NE_2023-05-02";"FIL24_NE";"FIL24";"FIL24";"FIL";"EMuro";2023-05-02;"elevage";"HD";0;0;0;0;0
"FIL24_NE_2023-05-14";"FIL24_NE";"FIL24";"FIL24";"FIL";"EMuro";2023-05-14;"elevage";"VR";0;0;0;1;0
"FIL25_NC_2023-04-18";"FIL25_NC";"FIL25";"FIL25";"FIL";"EMuro";2023-04-18;"couvaison";"HD";0;0;1;0;0
"FIL25_NC_2023-04-25";"FIL25_NC";"FIL25";"FIL25";"FIL";"EMuro";2023-04-25;"couvaison";"HD";0;0;0;0;0
"FIL25_NE_2023-05-02";"FIL25_NE";"FIL25";"FIL25";"FIL";"EMuro";2023-05-02;"elevage";"HD";0;0;1;0;0
"FIL25_NE_2023-05-14";"FIL25_NE";"FIL25";"FIL25";"FIL";"EMuro";2023-05-14;"elevage";"VR";0;0;1;0;0
"FIL19bis_NC_2023-04-25";"FIL19bis_NC";"FIL19bis";"FIL19bis";"FIL";"EMuro";2023-04-25;"couvaison";"HD";0;0;0;0;1
"FIL19bis_NC_2023-05-02";"FIL19bis_NC";"FIL19bis";"FIL19bis";"FIL";"EMuro";2023-05-02;"couvaison";"ABF";0;0;1;0;2
"FIL19bis_NE_2023-05-19";"FIL19bis_NE";"FIL19bis";"FIL19bis";"FIL";"EMuro";2023-05-19;"elevage";"GG";0;0;0;0;1
"GRA1_NC_2023-04-18";"GRA1_NC";"GRA1";"GRA1";"GRA";"EMuro";2023-04-18;"couvaison";"CD";0;0;0,5;0;0
"GRA1_NC_2023-04-25";"GRA1_NC";"GRA1";"GRA1";"GRA";"EMuro";2023-04-25;"couvaison";"ABF";0;0;1;0;0
"GRA1_NE_2023-05-02";"GRA1_NE";"GRA1";"GRA1";"GRA";"EMuro";2023-05-02;"elevage";"ABF";0;0;1;0;0
"GRA1_NE_2023-05-10";"GRA1_NE";"GRA1";"GRA1";"GRA";"EMuro";2023-05-10;"elevage";"ABF";0;0;0;0;0
"GRA3_NC_2023-04-18";"GRA3_NC";"GRA3";"GRA3";"GRA";"EMuro";2023-04-18;"couvaison";"HD";1;0;0;0;0
"GRA3_NC_2023-04-25";"GRA3_NC";"GRA3";"GRA3";"GRA";"EMuro";2023-04-25;"couvaison";"HD";1;0;0;0;0
"GRA3_NE_2023-05-02";"GRA3_NE";"GRA3";"GRA3";"GRA";"EMuro";2023-05-02;"elevage";"VR";1;0;0;0;0
"GRA3_NE_2023-05-11";"GRA3_NE";"GRA3";"GRA3";"GRA";"EMuro";2023-05-11;"elevage";"HD";0;0;0;0;0
"GRA5_NC_2023-05-14";"GRA5_NC";"GRA5";"GRA5";"GRA";"EMuro";2023-05-14;"couvaison";"VR";0;0;0;0;0
"GRA5_NC_2023-05-16";"GRA5_NC";"GRA5";"GRA5";"GRA";"EMuro";2023-05-16;"couvaison";"MC";0;0;0;0;0
"GRA5_NC_2023-05-23";"GRA5_NC";"GRA5";"GRA5";"GRA";"EMuro";2023-05-23;"couvaison";"ABF";0;0;0;0;1
"GRA6_NC_2023-04-25";"GRA6_NC";"GRA6";"GRA6";"GRA";"EMuro";2023-04-25;"couvaison";"HD";0;0;0;0;0
"GRA6_NC_2023-05-02";"GRA6_NC";"GRA6";"GRA6";"GRA";"EMuro";2023-05-02;"couvaison";"VR";1;0;0;0;0
"GRA6_NE_2023-05-09";"GRA6_NE";"GRA6";"GRA6";"GRA";"EMuro";2023-05-09;"elevage";"VR";1;0;0;0;0
"GRA7_NC_2023-04-25";"GRA7_NC";"GRA7";"GRA7";"GRA";"EMuro";2023-04-25;"couvaison";"ABF";0;0;0;0;0
"GRA7_NC_2023-05-02";"GRA7_NC";"GRA7";"GRA7";"GRA";"EMuro";2023-05-02;"couvaison";"HD";0;0;0;0;0
"GRA7_NE_2023-05-09";"GRA7_NE";"GRA7";"GRA7";"GRA";"EMuro";2023-05-09;"elevage";"VR";0;0;0;0;0,5
"GRA7_NE_2023-05-20";"GRA7_NE";"GRA7";"GRA7";"GRA";"EMuro";2023-05-20;"elevage";"ABF";0;0;0;0;0
"GRA8_NC_2023-04-25";"GRA8_NC";"GRA8";"GRA8";"GRA";"EMuro";2023-04-25;"couvaison";"ABF";0;0,5;0;0;0,5
"GRA8_NE_2023-05-02";"GRA8_NE";"GRA8";"GRA8";"GRA";"EMuro";2023-05-02;"elevage";"ABF";1;0;0;0;1
"GRA8_NE_2023-05-12";"GRA8_NE";"GRA8";"GRA8";"GRA";"EMuro";2023-05-12;"elevage";"HD";0;2;0;0;0
"GRA9_NC_2023-04-18";"GRA9_NC";"GRA9";"GRA9";"GRA";"EMuro";2023-04-18;"couvaison";"CD";0;0;0;0;0
"GRA9_NC_2023-04-25";"GRA9_NC";"GRA9";"GRA9";"GRA";"EMuro";2023-04-25;"couvaison";"HD";0;0;1;0;0
"GRA9_NE_2023-05-09";"GRA9_NE";"GRA9";"GRA9";"GRA";"EMuro";2023-05-09;"elevage";"ABF";0;0;0;0;2
"GRA9_NE_2023-05-17";"GRA9_NE";"GRA9";"GRA9";"GRA";"EMuro";2023-05-17;"elevage";"ABF";0;0;1;0;1
"GRA11_NC_2023-04-25";"GRA11_NC";"GRA11";"GRA11";"GRA";"EMuro";2023-04-25;"couvaison";"HD";1;0;0;0;0
"GRA11_NC_2023-05-02";"GRA11_NC";"GRA11";"GRA11";"GRA";"EMuro";2023-05-02;"couvaison";"HD";0;0;0;0;1
"GRA11_NE_2023-05-09";"GRA11_NE";"GRA11";"GRA11";"GRA";"EMuro";2023-05-09;"elevage";"ABF";0;0;0;0;0
"GRA11_NE_2023-05-20";"GRA11_NE";"GRA11";"GRA11";"GRA";"EMuro";2023-05-20;"elevage";"HD";0;0;0;0;0
"GRA13_NC_2023-04-18";"GRA13_NC";"GRA13";"GRA13";"GRA";"EMuro";2023-04-18;"couvaison";"CD";0;0;0;0;0
"GRA13_NC_2023-04-25";"GRA13_NC";"GRA13";"GRA13";"GRA";"EMuro";2023-04-25;"couvaison";"HD";0;0,5;0;0;0
"GRA13_NE_2023-05-02";"GRA13_NE";"GRA13";"GRA13";"GRA";"EMuro";2023-05-02;"elevage";"ABF";0;0;0;0;0
"GRA13_NE_2023-05-15";"GRA13_NE";"GRA13";"GRA13";"GRA";"EMuro";2023-05-15;"elevage";"GG";0;0;0;0;1
"GRA14_NC_2023-04-18";"GRA14_NC";"GRA14";"GRA14";"GRA";"EMuro";2023-04-18;"couvaison";"CD";0;0;0;0;1
"GRA14_NC_2023-04-25";"GRA14_NC";"GRA14";"GRA14";"GRA";"EMuro";2023-04-25;"couvaison";"HD";0;1;0;0;0
"GRA14_NE_2023-05-08";"GRA14_NE";"GRA14";"GRA14";"GRA";"EMuro";2023-05-08;"elevage";"ABF";0;1;0;0;1
"GRA15_NC_2023-04-25";"GRA15_NC";"GRA15";"GRA15";"GRA";"EMuro";2023-04-25;"couvaison";"ABF";0;0;0;0;0,5
"GRA15_NC_2023-05-02";"GRA15_NC";"GRA15";"GRA15";"GRA";"EMuro";2023-05-02;"couvaison";"VR";0;0;0;0;2
"GRA15_NE_2023-05-09";"GRA15_NE";"GRA15";"GRA15";"GRA";"EMuro";2023-05-09;"elevage";"VR";0;0;0;0;2
"GRA15_NE_2023-05-20";"GRA15_NE";"GRA15";"GRA15";"GRA";"EMuro";2023-05-20;"elevage";"ABF";0;0;0;0;1
"GRA16_NC_2023-04-18";"GRA16_NC";"GRA16";"GRA16";"GRA";"EMuro";2023-04-18;"couvaison";"HD";0;0;1;0;1
"GRA16_NC_2023-04-25";"GRA16_NC";"GRA16";"GRA16";"GRA";"EMuro";2023-04-25;"couvaison";"ABF";0;0;0;0;0,5
"GRA16_NE_2023-05-02";"GRA16_NE";"GRA16";"GRA16";"GRA";"EMuro";2023-05-02;"elevage";"VR";0;0;0;0;1
"GRA16_NE_2023-05-10";"GRA16_NE";"GRA16";"GRA16";"GRA";"EMuro";2023-05-10;"elevage";"VR";0;0,5;0;0,5;0
"GRA17_NC_2023-04-25";"GRA17_NC";"GRA17";"GRA17";"GRA";"EMuro";2023-04-25;"couvaison";"ABF";0;0;0;0;0
"GRA17_NC_2023-05-02";"GRA17_NC";"GRA17";"GRA17";"GRA";"EMuro";2023-05-02;"couvaison";"VR";0;0;0;0;0
"GRA17_NC_2023-05-09";"GRA17_NC";"GRA17";"GRA17";"GRA";"EMuro";2023-05-09;"couvaison";"VR";0;0;0;0;0,5
"GRA17_NE_2023-05-16";"GRA17_NE";"GRA17";"GRA17";"GRA";"EMuro";2023-05-16;"elevage";"MC";0;0;0;0;0
"GRA17_NE_2023-05-23";"GRA17_NE";"GRA17";"GRA17";"GRA";"EMuro";2023-05-23;"elevage";"ABF";0;0;0;0;0
"GRA18_NC_2023-04-18";"GRA18_NC";"GRA18";"GRA18";"GRA";"EMuro";2023-04-18;"couvaison";"HD";0;0;0;0;0
"GRA18_NC_2023-04-25";"GRA18_NC";"GRA18";"GRA18";"GRA";"EMuro";2023-04-25;"couvaison";"ABF";0;0;0;0;0,5
"GRA18_NC_2023-05-09";"GRA18_NC";"GRA18";"GRA18";"GRA";"EMuro";2023-05-09;"couvaison";"VR";0;0;0;0;0
"GRA18_NC_2023-05-16";"GRA18_NC";"GRA18";"GRA18";"GRA";"EMuro";2023-05-16;"couvaison";"MC";0;0;0;0;0
"GRA20_NC_2023-04-25";"GRA20_NC";"GRA20";"GRA20";"GRA";"EMuro";2023-04-25;"couvaison";"HD";0;0;0;0;0,5
"GRA20_NE_2023-05-09";"GRA20_NE";"GRA20";"GRA20";"GRA";"EMuro";2023-05-09;"elevage";"VR";0;0;0;1;1
"GRA20_NE_2023-05-17";"GRA20_NE";"GRA20";"GRA20";"GRA";"EMuro";2023-05-17;"elevage";"ABF";0;0;0;0;2
"MUR21_NC_2023-04-18";"MUR21_NC";"MUR21";"MUR21";"MUR";"DMuro";2023-04-18;"couvaison";"CD";0;0;0;0;1
"MUR21_NE_2023-04-25";"MUR21_NE";"MUR21";"MUR21";"MUR";"DMuro";2023-04-25;"elevage";"ABF";0,5;2;0;0;1
"MUR21_NE_2023-05-07";"MUR21_NE";"MUR21";"MUR21";"MUR";"DMuro";2023-05-07;"elevage";"ABF";0;0;0;0;0,5
"MUR22_NC_2023-04-11";"MUR22_NC";"MUR22";"MUR22";"MUR";"DMuro";2023-04-11;"couvaison";"HD";1;0;1;0;1
"MUR22_NC_2023-04-18";"MUR22_NC";"MUR22";"MUR22";"MUR";"DMuro";2023-04-18;"couvaison";"LS";1;0;0,5;0;0
"MUR22_NE_2023-04-25";"MUR22_NE";"MUR22";"MUR22";"MUR";"DMuro";2023-04-25;"elevage";"VR";0;0;0;0;0
"MUR22_NE_2023-05-09";"MUR22_NE";"MUR22";"MUR22";"MUR";"DMuro";2023-05-09;"elevage";"ABF";0,5;0;0;1;0
"MUR24-1_NC_2023-04-11";"MUR24-1_NC";"MUR24-1";"MUR24";"MUR";"DMuro";2023-04-11;"couvaison";"HD";0;0;0;0;0
"MUR24-1_NC_2023-04-18";"MUR24-1_NC";"MUR24-1";"MUR24";"MUR";"DMuro";2023-04-18;"couvaison";"CD";0;0;0;0;0
"MUR24-1_NE_2023-04-25";"MUR24-1_NE";"MUR24-1";"MUR24";"MUR";"DMuro";2023-04-25;"elevage";"VR";0;0;0;0,5;0,5
"MUR24-1_NE_2023-05-09";"MUR24-1_NE";"MUR24-1";"MUR24";"MUR";"DMuro";2023-05-09;"elevage";"ABF";0;0;0;0;0
"MUR24-2_NC_2023-05-30";"MUR24-2_NC";"MUR24-2";"MUR24";"MUR";"DMuro";2023-05-30;"couvaison";"ABF";0;0;0;0;0
"MUR24-2_NE_2023-06-14";"MUR24-2_NE";"MUR24-2";"MUR24";"MUR";"DMuro";2023-06-14;"elevage";"MC";0;0;0;1;0
"MUR25-1_NC_2023-04-18";"MUR25-1_NC";"MUR25-1";"MUR25";"MUR";"DMuro";2023-04-18;"couvaison";"CD";0;0;2;0;1
"MUR25-1_NC_2023-04-25";"MUR25-1_NC";"MUR25-1";"MUR25";"MUR";"DMuro";2023-04-25;"couvaison";"ABF";0;0,5;2;3;0
"MUR25-1_NE_2023-05-02";"MUR25-1_NE";"MUR25-1";"MUR25";"MUR";"DMuro";2023-05-02;"elevage";"ABF";0;3;0;3;0
"MUR25-1_NE_2023-05-11";"MUR25-1_NE";"MUR25-1";"MUR25";"MUR";"DMuro";2023-05-11;"elevage";"ABF";0;0;0;2;0
"MUR25-2_NC_2023-05-30";"MUR25-2_NC";"MUR25-2";"MUR25";"MUR";"DMuro";2023-05-30;"couvaison";"ABF";0;0;0,5;0;0
"MUR25-2_NE_2023-06-14";"MUR25-2_NE";"MUR25-2";"MUR25";"MUR";"DMuro";2023-06-14;"elevage";"MC";0;0;0;2;0
"MUR26_NC_2023-04-18";"MUR26_NC";"MUR26";"MUR26";"MUR";"DMuro";2023-04-18;"couvaison";"CD";0;0;0;0;0
"MUR26_NE_2023-04-25";"MUR26_NE";"MUR26";"MUR26";"MUR";"DMuro";2023-04-25;"elevage";"VR";0;1;0;0;0
"MUR26_NE_2023-05-08";"MUR26_NE";"MUR26";"MUR26";"MUR";"DMuro";2023-05-08;"elevage";"ABF";0;0;0;0;0
"MUR27_NC_2023-04-11";"MUR27_NC";"MUR27";"MUR27";"MUR";"DMuro";2023-04-11;"couvaison";"HD";0;0;0;0;0
"MUR27_NC_2023-04-18";"MUR27_NC";"MUR27";"MUR27";"MUR";"DMuro";2023-04-18;"couvaison";"LS";0;0,5;0;0;1
"MUR27_NE_2023-04-25";"MUR27_NE";"MUR27";"MUR27";"MUR";"DMuro";2023-04-25;"elevage";"ABF";0;2;1;0;3
"MUR27_NE_2023-05-08";"MUR27_NE";"MUR27";"MUR27";"MUR";"DMuro";2023-05-08;"elevage";"ABF";0;1;0;0;1
"MUR28_NC_2023-04-11";"MUR28_NC";"MUR28";"MUR28";"MUR";"DMuro";2023-04-11;"couvaison";"HD";1;0;0,5;0;0
"MUR28_NC_2023-04-18";"MUR28_NC";"MUR28";"MUR28";"MUR";"DMuro";2023-04-18;"couvaison";"LS";1;0;0,5;0,5;0
"MUR28_NE_2023-05-10";"MUR28_NE";"MUR28";"MUR28";"MUR";"DMuro";2023-05-10;"elevage";"ABF";2;0;0;0;0
"MUR29_NC_2023-04-25";"MUR29_NC";"MUR29";"MUR29";"MUR";"DMuro";2023-04-25;"couvaison";"ABF";2;0;0,5;0;0
"MUR29_NC_2023-05-02";"MUR29_NC";"MUR29";"MUR29";"MUR";"DMuro";2023-05-02;"couvaison";"ABF";2;0;0;0;0
"MUR29_NE_2023-05-09";"MUR29_NE";"MUR29";"MUR29";"MUR";"DMuro";2023-05-09;"elevage";"VR";0;0;0,5;0;0
"MUR30_NC_2023-04-25";"MUR30_NC";"MUR30";"MUR30";"MUR";"DMuro";2023-04-25;"couvaison";"VR";1;0;0;0;0
"MUR30_NC_2023-05-02";"MUR30_NC";"MUR30";"MUR30";"MUR";"DMuro";2023-05-02;"couvaison";"HD";2;0;0;0;0
"MUR30_NE_2023-05-09";"MUR30_NE";"MUR30";"MUR30";"MUR";"DMuro";2023-05-09;"elevage";"VR";0;0;0;1;1
"MUR30_NE_2023-05-20";"MUR30_NE";"MUR30";"MUR30";"MUR";"DMuro";2023-05-20;"elevage";"ABF";1;0;0;0;0
"MUR32_NC_2023-04-25";"MUR32_NC";"MUR32";"MUR32";"MUR";"DMuro";2023-04-25;"couvaison";"VR";1;0;0;0;0
"MUR32_NC_2023-05-02";"MUR32_NC";"MUR32";"MUR32";"MUR";"DMuro";2023-05-02;"couvaison";"ABF";1;2;0;0;0
"MUR32_NE_2023-05-09";"MUR32_NE";"MUR32";"MUR32";"MUR";"DMuro";2023-05-09;"elevage";"VR";1;0;0;0;0
"MUR32_NE_2023-05-18";"MUR32_NE";"MUR32";"MUR32";"MUR";"DMuro";2023-05-18;"elevage";"ABF";0;0;0;0;0
"MUR33_NC_2023-04-11";"MUR33_NC";"MUR33";"MUR33";"MUR";"DMuro";2023-04-11;"couvaison";"HD";1;0;0;0;0
"MUR33_NC_2023-04-18";"MUR33_NC";"MUR33";"MUR33";"MUR";"DMuro";2023-04-18;"couvaison";"CD";0,5;0;0;0;0
"MUR33_NE_2023-04-25";"MUR33_NE";"MUR33";"MUR33";"MUR";"DMuro";2023-04-25;"elevage";"VR";0;0;0;0;0
"MUR33_NE_2023-05-06";"MUR33_NE";"MUR33";"MUR33";"MUR";"DMuro";2023-05-06;"elevage";"VR";0;0;0;0;0
"MUR34-1_NC_2023-04-11";"MUR34-1_NC";"MUR34-1";"MUR34";"MUR";"DMuro";2023-04-11;"couvaison";"HD";1;0;0,5;0;0
"MUR34-1_NC_2023-04-18";"MUR34-1_NC";"MUR34-1";"MUR34";"MUR";"DMuro";2023-04-18;"couvaison";"LS";1;0;0;0;0
"MUR34-1_NE_2023-04-25";"MUR34-1_NE";"MUR34-1";"MUR34";"MUR";"DMuro";2023-04-25;"elevage";"ABF";1;0;0;0;0
"MUR34-1_NE_2023-05-05";"MUR34-1_NE";"MUR34-1";"MUR34";"MUR";"DMuro";2023-05-05;"elevage";"HD";0;0;0;1;0
"MUR34-2_NC_2023-05-23";"MUR34-2_NC";"MUR34-2";"MUR34";"MUR";"DMuro";2023-05-23;"couvaison";"MC";0;0;0,5;0;0
"MUR34-2_NC_2023-05-30";"MUR34-2_NC";"MUR34-2";"MUR34";"MUR";"DMuro";2023-05-30;"couvaison";"HD";1;0;0;0;0
"MUR35_NC_2023-04-25";"MUR35_NC";"MUR35";"MUR35";"MUR";"DMuro";2023-04-25;"couvaison";"ABF";1;0;0;1;0
"MUR35_NC_2023-05-02";"MUR35_NC";"MUR35";"MUR35";"MUR";"DMuro";2023-05-02;"couvaison";"ABF";2;0;0;0;0
"MUR35_NE_2023-05-09";"MUR35_NE";"MUR35";"MUR35";"MUR";"DMuro";2023-05-09;"elevage";"VR";0;0;0;0;0
"MUR36_NC_2023-04-18";"MUR36_NC";"MUR36";"MUR36";"MUR";"DMuro";2023-04-18;"couvaison";"LS";0;1;1;0;0
"MUR36_NC_2023-04-25";"MUR36_NC";"MUR36";"MUR36";"MUR";"DMuro";2023-04-25;"couvaison";"VR";0;2;0;0;0
"MUR36_NE_2023-05-02";"MUR36_NE";"MUR36";"MUR36";"MUR";"DMuro";2023-05-02;"elevage";"ABF";0;2;0;0;0
"MUR36_NE_2023-05-14";"MUR36_NE";"MUR36";"MUR36";"MUR";"DMuro";2023-05-14;"elevage";"HD";0;2;0;0;0
"MUR37_NC_2023-04-11";"MUR37_NC";"MUR37";"MUR37";"MUR";"DMuro";2023-04-11;"couvaison";"CD";2;0;0,5;0;0
"MUR37_NC_2023-04-18";"MUR37_NC";"MUR37";"MUR37";"MUR";"DMuro";2023-04-18;"couvaison";"LS";2;0;2;0;0
"MUR37_NE_2023-04-25";"MUR37_NE";"MUR37";"MUR37";"MUR";"DMuro";2023-04-25;"elevage";"HD";1;0;1;0;0
"MUR37_NE_2023-05-04";"MUR37_NE";"MUR37";"MUR37";"MUR";"DMuro";2023-05-04;"elevage";"HD";2;0;0;0;0
"MUR39_NC_2023-04-11";"MUR39_NC";"MUR39";"MUR39";"MUR";"DMuro";2023-04-11;"couvaison";"LS";1;0;0;0;0
"MUR39_NC_2023-04-18";"MUR39_NC";"MUR39";"MUR39";"MUR";"DMuro";2023-04-18;"couvaison";"CD";0,5;0;0;0;0
"MUR39_NE_2023-04-25";"MUR39_NE";"MUR39";"MUR39";"MUR";"DMuro";2023-04-25;"elevage";"ABF";0,5;0;0;0;0
"MUR39_NE_2023-05-06";"MUR39_NE";"MUR39";"MUR39";"MUR";"DMuro";2023-05-06;"elevage";"GG";0,5;0;0;0;0
"MUR40_NC_2023-04-11";"MUR40_NC";"MUR40";"MUR40";"MUR";"DMuro";2023-04-11;"couvaison";"HD";0;0;1;0;0
"MUR40_NC_2023-04-18";"MUR40_NC";"MUR40";"MUR40";"MUR";"DMuro";2023-04-18;"couvaison";"CD";0;0;0;0;0
"MUR40_NE_2023-04-25";"MUR40_NE";"MUR40";"MUR40";"MUR";"DMuro";2023-04-25;"elevage";"VR";0;0;0;0;0
"MUR40_NE_2023-05-07";"MUR40_NE";"MUR40";"MUR40";"MUR";"DMuro";2023-05-07;"elevage";"HD";0;1;0;0;0
"MUR41_NC_2023-04-11";"MUR41_NC";"MUR41";"MUR41";"MUR";"DMuro";2023-04-11;"couvaison";"CD";1;0;1;0;0
"MUR41_NC_2023-04-18";"MUR41_NC";"MUR41";"MUR41";"MUR";"DMuro";2023-04-18;"couvaison";"CD";0;0;2;0,5;0
"MUR41_NE_2023-04-25";"MUR41_NE";"MUR41";"MUR41";"MUR";"DMuro";2023-04-25;"elevage";"ABF";0,5;0;2;1;0
"MUR41_NE_2023-05-08";"MUR41_NE";"MUR41";"MUR41";"MUR";"DMuro";2023-05-08;"elevage";"GG";0;1;1;1;0
"MUR42_NC_2023-04-11";"MUR42_NC";"MUR42";"MUR42";"MUR";"DMuro";2023-04-11;"couvaison";"HD";1;0;0;0;0
"MUR42_NC_2023-04-18";"MUR42_NC";"MUR42";"MUR42";"MUR";"DMuro";2023-04-18;"couvaison";"CD";0;0;0;0;0
"MUR42_NE_2023-05-09";"MUR42_NE";"MUR42";"MUR42";"MUR";"DMuro";2023-05-09;"elevage";"ABF";0;0;0;0;0
"MUR43_NC_2023-04-11";"MUR43_NC";"MUR43";"MUR43";"MUR";"DMuro";2023-04-11;"couvaison";"LS";0;0;1;0;0
"MUR43_NC_2023-04-18";"MUR43_NC";"MUR43";"MUR43";"MUR";"DMuro";2023-04-18;"couvaison";"CD";0;0;0,5;0;0
"MUR43_NE_2023-04-25";"MUR43_NE";"MUR43";"MUR43";"MUR";"DMuro";2023-04-25;"elevage";"ABF";1;2;0;0;0
"MUR43_NE_2023-04-30";"MUR43_NE";"MUR43";"MUR43";"MUR";"DMuro";2023-04-30;"elevage";"HD";0;2;2;0;0
"MUR43_NE_2023-05-05";"MUR43_NE";"MUR43";"MUR43";"MUR";"DMuro";2023-05-05;"elevage";"GG";0;1;0;0;0
"MUR44_NC_2023-05-02";"MUR44_NC";"MUR44";"MUR44";"MUR";"DMuro";2023-05-02;"couvaison";"GG";1;1;1;0;0
"MUR44_NE_2023-05-16";"MUR44_NE";"MUR44";"MUR44";"MUR";"DMuro";2023-05-16;"elevage";"ABF";2;0;0;0;0
"MUR44_NE_2023-05-23";"MUR44_NE";"MUR44";"MUR44";"MUR";"DMuro";2023-05-23;"elevage";"ABF";0;0;0;0;0
"MUR45_NC_2023-04-11";"MUR45_NC";"MUR45";"MUR45";"MUR";"DMuro";2023-04-11;"couvaison";"LS";1;0;0;0;0
"MUR45_NC_2023-04-18";"MUR45_NC";"MUR45";"MUR45";"MUR";"DMuro";2023-04-18;"couvaison";"LS";1;0;0;0,5;0
"MUR45_NE_2023-04-25";"MUR45_NE";"MUR45";"MUR45";"MUR";"DMuro";2023-04-25;"elevage";"ABF";1;0;0,5;0;0
"MUR45_NE_2023-05-07";"MUR45_NE";"MUR45";"MUR45";"MUR";"DMuro";2023-05-07;"elevage";"GG";0;0;0;0;0
"MUR46_NC_2023-05-02";"MUR46_NC";"MUR46";"MUR46";"MUR";"DMuro";2023-05-02;"couvaison";"VR";0;1;0;0;0
"MUR46_NE_2023-05-16";"MUR46_NE";"MUR46";"MUR46";"MUR";"DMuro";2023-05-16;"elevage";"ABF";0;0;0;0;0
"MUR47_NC_2023-04-18";"MUR47_NC";"MUR47";"MUR47";"MUR";"DMuro";2023-04-18;"couvaison";"HD";0;0;0,5;0,5;0
"MUR47_NE_2023-05-10";"MUR47_NE";"MUR47";"MUR47";"MUR";"DMuro";2023-05-10;"elevage";"ABF";0;0;0;0,5;0
"MUR48_NC_2023-05-02";"MUR48_NC";"MUR48";"MUR48";"MUR";"DMuro";2023-05-02;"couvaison";"GG";0;1;0;0;0
"MUR48_NC_2023-05-09";"MUR48_NC";"MUR48";"MUR48";"MUR";"DMuro";2023-05-09;"couvaison";"VR";0;1;0;0;0
"MUR48_NE_2023-05-16";"MUR48_NE";"MUR48";"MUR48";"MUR";"DMuro";2023-05-16;"elevage";"ABF";0;0;0;0;0
"MUR48_NE_2023-05-25";"MUR48_NE";"MUR48";"MUR48";"MUR";"DMuro";2023-05-25;"elevage";"HD";0;1;0;0;0
"MUR49_NC_2023-04-18";"MUR49_NC";"MUR49";"MUR49";"MUR";"DMuro";2023-04-18;"couvaison";"LS";2;0;1;0;0
"MUR49_NC_2023-04-25";"MUR49_NC";"MUR49";"MUR49";"MUR";"DMuro";2023-04-25;"couvaison";"VR";0,5;1;0,5;0;0
"MUR49_NE_2023-05-02";"MUR49_NE";"MUR49";"MUR49";"MUR";"DMuro";2023-05-02;"elevage";"VR";1;2;0;0;0
"MUR49_NE_2023-05-12";"MUR49_NE";"MUR49";"MUR49";"MUR";"DMuro";2023-05-12;"elevage";"GG";1;3;1;0;0
"MUR50_NC_2023-04-18";"MUR50_NC";"MUR50";"MUR50";"MUR";"DMuro";2023-04-18;"couvaison";"LS";1;0,5;0;1;0
"MUR50_NC_2023-04-25";"MUR50_NC";"MUR50";"MUR50";"MUR";"DMuro";2023-04-25;"couvaison";"VR";0,5;0;0;1;0
"MUR50_NE_2023-05-02";"MUR50_NE";"MUR50";"MUR50";"MUR";"DMuro";2023-05-02;"elevage";"VR";0;0;0;0;1
"MUR50_NE_2023-05-11";"MUR50_NE";"MUR50";"MUR50";"MUR";"DMuro";2023-05-11;"elevage";"VR";0;1;0;0,5;0
"MUR51_NC_2023-04-11";"MUR51_NC";"MUR51";"MUR51";"MUR";"DMuro";2023-04-11;"couvaison";"LS";0,5;0;1;1;0
"MUR51_NC_2023-04-18";"MUR51_NC";"MUR51";"MUR51";"MUR";"DMuro";2023-04-18;"couvaison";"LS";1;0;1;2;0
"MUR51_NE_2023-04-25";"MUR51_NE";"MUR51";"MUR51";"MUR";"DMuro";2023-04-25;"elevage";"ABF";1;2;0,5;0;0
"MUR51_NE_2023-05-02";"MUR51_NE";"MUR51";"MUR51";"MUR";"DMuro";2023-05-02;"elevage";"VR";1;0;0;0;0
"MUR51_NE_2023-05-08";"MUR51_NE";"MUR51";"MUR51";"MUR";"DMuro";2023-05-08;"elevage";"ABF";0;0,5;0;0;0
"MUR53_NC_2023-05-02";"MUR53_NC";"MUR53";"MUR53";"MUR";"DMuro";2023-05-02;"couvaison";"VR";0,5;1;0;0;0
"MUR53_NE_2023-05-09";"MUR53_NE";"MUR53";"MUR53";"MUR";"DMuro";2023-05-09;"elevage";"VR";0;1;0;0;0
"MUR53_NE_2023-05-17";"MUR53_NE";"MUR53";"MUR53";"MUR";"DMuro";2023-05-17;"elevage";"GG";0;1;0;0;0
"MUR53_NC_2023-04-25";"MUR53_NC";"MUR53";"MUR53";"MUR";"DMuro";2023-04-25;"couvaison";"VR";0,5;2;0;0;0
"MUR54_NC_2023-04-11";"MUR54_NC";"MUR54";"MUR54";"MUR";"DMuro";2023-04-11;"couvaison";"CD";0;0;1;0;0,5
"MUR54_NC_2023-04-18";"MUR54_NC";"MUR54";"MUR54";"MUR";"DMuro";2023-04-18;"couvaison";"CD";0;0;1;0;0,5
"MUR54_NE_2023-04-25";"MUR54_NE";"MUR54";"MUR54";"MUR";"DMuro";2023-04-25;"elevage";"ABF";0;1;0;0;0
"MUR54_NE_2023-05-07";"MUR54_NE";"MUR54";"MUR54";"MUR";"DMuro";2023-05-07;"elevage";"GG";0;0;0;0;0
"MUR55_NC_2023-04-11";"MUR55_NC";"MUR55";"MUR55";"MUR";"DMuro";2023-04-11;"couvaison";"LS";2;0;1;0;0
"MUR55_NC_2023-04-18";"MUR55_NC";"MUR55";"MUR55";"MUR";"DMuro";2023-04-18;"couvaison";"CD";1;0;1;0;0
"MUR55_NE_2023-04-25";"MUR55_NE";"MUR55";"MUR55";"MUR";"DMuro";2023-04-25;"elevage";"VR";1;1;0;0;1
"MUR55_NE_2023-05-02";"MUR55_NE";"MUR55";"MUR55";"MUR";"DMuro";2023-05-02;"elevage";"VR";2;0;0;0;1
"MUR55_NE_2023-05-08";"MUR55_NE";"MUR55";"MUR55";"MUR";"DMuro";2023-05-08;"elevage";"GG";1;1;0;0;1
"MUR56_NC_2023-05-02";"MUR56_NC";"MUR56";"MUR56";"MUR";"DMuro";2023-05-02;"couvaison";"VR";0;0;0;0;0
"MUR56_NC_2023-05-09";"MUR56_NC";"MUR56";"MUR56";"MUR";"DMuro";2023-05-09;"couvaison";"VR";0;0;0;0;0
"MUR56_NE_2023-05-16";"MUR56_NE";"MUR56";"MUR56";"MUR";"DMuro";2023-05-16;"elevage";"ABF";0;0;0;0;0
"MUR56_NE_2023-05-25";"MUR56_NE";"MUR56";"MUR56";"MUR";"DMuro";2023-05-25;"elevage";"GG";0;0;0;0;0
"MUR57_NC_2023-04-18";"MUR57_NC";"MUR57";"MUR57";"MUR";"DMuro";2023-04-18;"couvaison";"CD";0,5;0;0;0;0
"MUR57_NC_2023-04-25";"MUR57_NC";"MUR57";"MUR57";"MUR";"DMuro";2023-04-25;"couvaison";"VR";0,5;1;0;0;0
"MUR57_NC_2023-05-02";"MUR57_NC";"MUR57";"MUR57";"MUR";"DMuro";2023-05-02;"couvaison";"VR";0,5;0;0;0;0
"MUR57_NE_2023-05-13";"MUR57_NE";"MUR57";"MUR57";"MUR";"DMuro";2023-05-13;"elevage";"ABF";1;2;0;0;1
"MUR58_NC_2023-04-11";"MUR58_NC";"MUR58";"MUR58";"MUR";"DMuro";2023-04-11;"couvaison";"LS";2;0;0;0;0
"MUR58_NC_2023-04-18";"MUR58_NC";"MUR58";"MUR58";"MUR";"DMuro";2023-04-18;"couvaison";"CD";2;0;0;0;0
"MUR58_NE_2023-04-25";"MUR58_NE";"MUR58";"MUR58";"MUR";"DMuro";2023-04-25;"elevage";"ABF";2;0;0,5;0;0
"MUR58_NE_2023-05-07";"MUR58_NE";"MUR58";"MUR58";"MUR";"DMuro";2023-05-07;"elevage";"GG";1;0;0;0;0
"MUR59_NC_2023-04-11";"MUR59_NC";"MUR59";"MUR59";"MUR";"DMuro";2023-04-11;"couvaison";"CD";1;0;2;0;0
"MUR59_NC_2023-04-18";"MUR59_NC";"MUR59";"MUR59";"MUR";"DMuro";2023-04-18;"couvaison";"CD";0,5;2;0;0;0
"MUR59_NE_2023-04-25";"MUR59_NE";"MUR59";"MUR59";"MUR";"DMuro";2023-04-25;"elevage";"HD";0,5;0;2;0;0
"MUR59_NE_2023-05-07";"MUR59_NE";"MUR59";"MUR59";"MUR";"DMuro";2023-05-07;"elevage";"GG";1;1;0;0;0
"MUR72_NC_2023-04-11";"MUR72_NC";"MUR72";"MUR72";"MUR";"DMuro";2023-04-11;"couvaison";"HD";0;0;1;0;0,5
"MUR72_NC_2023-04-18";"MUR72_NC";"MUR72";"MUR72";"MUR";"DMuro";2023-04-18;"couvaison";"CD";0,5;0;0;0;1
"MUR72_NE_2023-04-25";"MUR72_NE";"MUR72";"MUR72";"MUR";"DMuro";2023-04-25;"elevage";"ABF";0,5;1;0;0;1
"MUR72_NE_2023-05-09";"MUR72_NE";"MUR72";"MUR72";"MUR";"DMuro";2023-05-09;"elevage";"ABF";0;0;0;0;0
"MUR73_NC_2023-04-11";"MUR73_NC";"MUR73";"MUR73";"MUR";"DMuro";2023-04-11;"couvaison";"HD";1;0;0;0;0
"MUR73_NC_2023-04-18";"MUR73_NC";"MUR73";"MUR73";"MUR";"DMuro";2023-04-18;"couvaison";"HD";0,5;0;0;0;0
"MUR77_NC_2023-04-18";"MUR77_NC";"MUR77";"MUR77";"MUR";"DMuro";2023-04-18;"couvaison";"HD";0;2;0;0;0,5
"MUR77_NE_2023-04-25";"MUR77_NE";"MUR77";"MUR77";"MUR";"DMuro";2023-04-25;"elevage";"ABF";0,5;2;0;0;3
"MUR77_NE_2023-05-02";"MUR77_NE";"MUR77";"MUR77";"MUR";"DMuro";2023-05-02;"elevage";"VR";0,5;1;0;0,5;1
"MUR77_NE_2023-05-11";"MUR77_NE";"MUR77";"MUR77";"MUR";"DMuro";2023-05-11;"elevage";"VR";0;2;0;0;0,5
"MUR85_NC_2023-04-11";"MUR85_NC";"MUR85";"MUR85";"MUR";"DMuro";2023-04-11;"couvaison";"HD";1;0;0;0;0
"MUR85_NC_2023-04-18";"MUR85_NC";"MUR85";"MUR85";"MUR";"DMuro";2023-04-18;"couvaison";"LS";1;0;0,5;0;0
"MUR85_NE_2023-05-10";"MUR85_NE";"MUR85";"MUR85";"MUR";"DMuro";2023-05-10;"elevage";"ABF";0;0;0;0;0
"MUR86_NC_2023-04-11";"MUR86_NC";"MUR86";"MUR86";"MUR";"DMuro";2023-04-11;"couvaison";"HD";0;0;0;0;0
"MUR86_NE_2023-04-18";"MUR86_NE";"MUR86";"MUR86";"MUR";"DMuro";2023-04-18;"elevage";"LS";0;0;0;0;0
"MUR86_NE_2023-04-25";"MUR86_NE";"MUR86";"MUR86";"MUR";"DMuro";2023-04-25;"elevage";"HD";0;0,5;0;0;0
"MUR86_NE_2023-04-29";"MUR86_NE";"MUR86";"MUR86";"MUR";"DMuro";2023-04-29;"elevage";"HD";0;1;0;0;0
"MUR87_NC_2023-04-11";"MUR87_NC";"MUR87";"MUR87";"MUR";"DMuro";2023-04-11;"couvaison";"HD";1;0;1;0;0
"MUR87_NC_2023-04-18";"MUR87_NC";"MUR87";"MUR87";"MUR";"DMuro";2023-04-18;"couvaison";"LS";1;0;1;0;0
"MUR87_NE_2023-04-25";"MUR87_NE";"MUR87";"MUR87";"MUR";"DMuro";2023-04-25;"elevage";"HD";0,5;0;0;0;0
"MUR87_NE_2023-05-07";"MUR87_NE";"MUR87";"MUR87";"MUR";"DMuro";2023-05-07;"elevage";"HD";0;0;0,5;0;0
"MUR88_NC_2023-04-11";"MUR88_NC";"MUR88";"MUR88";"MUR";"DMuro";2023-04-11;"couvaison";"HD";1;0;0,5;0;0,5
"MUR88_NC_2023-04-18";"MUR88_NC";"MUR88";"MUR88";"MUR";"DMuro";2023-04-18;"couvaison";"LS";1;0;2;0;0
"MUR88_NE_2023-04-25";"MUR88_NE";"MUR88";"MUR88";"MUR";"DMuro";2023-04-25;"elevage";"HD";0,5;0;0;0;0,5
"MUR88_NE_2023-05-07";"MUR88_NE";"MUR88";"MUR88";"MUR";"DMuro";2023-05-07;"elevage";"HD";0;0;0;0;0
"MUR89_NC_2023-04-25";"MUR89_NC";"MUR89";"MUR89";"MUR";"DMuro";2023-04-25;"couvaison";"VR";2;0;0;2;0
"MUR89_NC_2023-05-02";"MUR89_NC";"MUR89";"MUR89";"MUR";"DMuro";2023-05-02;"couvaison";"GG";0,5;1;0;0,5;2
"MUR89_NE_2023-05-09";"MUR89_NE";"MUR89";"MUR89";"MUR";"DMuro";2023-05-09;"elevage";"VR";0,5;1;0;0,5;0
"MUR89_NE_2023-05-18";"MUR89_NE";"MUR89";"MUR89";"MUR";"DMuro";2023-05-18;"elevage";"ABF";0;2;0;2;0
"MUR91_NC_2023-04-18";"MUR91_NC";"MUR91";"MUR91";"MUR";"DMuro";2023-04-18;"couvaison";"HD";0;0;1;0;1
"MUR91_NE_2023-04-25";"MUR91_NE";"MUR91";"MUR91";"MUR";"DMuro";2023-04-25;"elevage";"HD";0;1;0;0;0,5
"MUR91_NE_2023-05-07";"MUR91_NE";"MUR91";"MUR91";"MUR";"DMuro";2023-05-07;"elevage";"GG";0;0;0;0;0
"MUR93_NC_2023-04-18";"MUR93_NC";"MUR93";"MUR93";"MUR";"DMuro";2023-04-18;"couvaison";"HD";0;0;2;1;0
"MUR93_NE_2023-04-25";"MUR93_NE";"MUR93";"MUR93";"MUR";"DMuro";2023-04-25;"elevage";"HD";1;1;0;1;0
"MUR95_NC_2023-04-18";"MUR95_NC";"MUR95";"MUR95";"MUR";"DMuro";2023-04-18;"couvaison";"HD";1;0;1;0;0
"MUR95_NE_2023-04-25";"MUR95_NE";"MUR95";"MUR95";"MUR";"DMuro";2023-04-25;"elevage";"HD";0;0,5;0;0,5;0
"MUR95_NE_2023-05-05";"MUR95_NE";"MUR95";"MUR95";"MUR";"DMuro";2023-05-05;"elevage";"HD";0;0,5;0;0;0
"MUR97_NC_2023-04-11";"MUR97_NC";"MUR97";"MUR97";"MUR";"DMuro";2023-04-11;"couvaison";"HD";0,5;0;1;0;0
"MUR97_NC_2023-04-18";"MUR97_NC";"MUR97";"MUR97";"MUR";"DMuro";2023-04-18;"couvaison";"CD";1;0;2;0;0
"MUR97_NE_2023-04-25";"MUR97_NE";"MUR97";"MUR97";"MUR";"DMuro";2023-04-25;"elevage";"VR";1;2;0;0;0
"MUR97_NE_2023-05-05";"MUR97_NE";"MUR97";"MUR97";"MUR";"DMuro";2023-05-05;"elevage";"GG";2;0;0;0;0
"MUR99_NC_2023-04-11";"MUR99_NC";"MUR99";"MUR99";"MUR";"DMuro";2023-04-11;"couvaison";"HD";1;0;1;0;0
"MUR99_NC_2023-04-18";"MUR99_NC";"MUR99";"MUR99";"MUR";"DMuro";2023-04-18;"couvaison";"CD";1;0;2;0;0
"MUR99_NE_2023-04-25";"MUR99_NE";"MUR99";"MUR99";"MUR";"DMuro";2023-04-25;"elevage";"ABF";1;1;0;2;0
"MUR99_NE_2023-05-06";"MUR99_NE";"MUR99";"MUR99";"MUR";"DMuro";2023-05-06;"elevage";"VR";0;0;0;1;1
"MUR101-1_NC_2023-04-18";"MUR101-1_NC";"MUR101-1";"MUR101";"MUR";"DMuro";2023-04-18;"couvaison";"CD";1;0;1;0;1
"MUR101-2_NC_2023-05-09";"MUR101-2_NC";"MUR101-2";"MUR101";"MUR";"DMuro";2023-05-09;"couvaison";"VR";0;0;0;0;1
"MUR101-2_NC_2023-05-16";"MUR101-2_NC";"MUR101-2";"MUR101";"MUR";"DMuro";2023-05-16;"couvaison";"ABF";0;0;0;0,5;0
"MUR101-2_NE_2023-05-23";"MUR101-2_NE";"MUR101-2";"MUR101";"MUR";"DMuro";2023-05-23;"elevage";"GG";0;1;0;0;1
"MUR101-2_NE_2023-06-04";"MUR101-2_NE";"MUR101-2";"MUR101";"MUR";"DMuro";2023-06-04;"elevage";"GG";0;0;0;0,5;1
"MUR88bis-1_NC_2023-04-11";"MUR88bis-1_NC";"MUR88bis-1";"MUR88bis";"MUR";"DMuro";2023-04-11;"couvaison";"HD";1;0;1;0;0
"MUR88bis-1_NE_2023-04-18";"MUR88bis-1_NE";"MUR88bis-1";"MUR88bis";"MUR";"DMuro";2023-04-18;"elevage";"CD";0;0;1;0;0
"MUR88bis-1_NE_2023-04-25";"MUR88bis-1_NE";"MUR88bis-1";"MUR88bis";"MUR";"DMuro";2023-04-25;"elevage";"HD";0,5;0;0,5;0;0
"MUR88bis-1_NE_2023-05-03";"MUR88bis-1_NE";"MUR88bis-1";"MUR88bis";"MUR";"DMuro";2023-05-03;"elevage";"HD";1;0;1;0;0
"MUR88bis-2_NC_2023-05-23";"MUR88bis-2_NC";"MUR88bis-2";"MUR88bis";"MUR";"DMuro";2023-05-23;"couvaison";"ABF";0;0;1;0;0
"MUR88bis-2_NC_2023-05-25";"MUR88bis-2_NC";"MUR88bis-2";"MUR88bis";"MUR";"DMuro";2023-05-25;"couvaison";"HD";1;0;1;0;0
"MUR88bis-2_NC_2023-05-30";"MUR88bis-2_NC";"MUR88bis-2";"MUR88bis";"MUR";"DMuro";2023-05-30;"couvaison";"ABF";0;0;0;0;0
"MUR88bis-2_NE_2023-06-06";"MUR88bis-2_NE";"MUR88bis-2";"MUR88bis";"MUR";"DMuro";2023-06-06;"elevage";"MC";0;0;0;0;0
"MUR88bis-2_NE_2023-06-17";"MUR88bis-2_NE";"MUR88bis-2";"MUR88bis";"MUR";"DMuro";2023-06-17;"elevage";"HD";0;0;0;0;0
"PIR3_NC_2023-05-19";"PIR3_NC";"PIR3";"PIR3";"PIR";"EPirio";2023-05-19;"couvaison";"GG";1;1;0;0;0
"PIR3_NC_2023-05-26";"PIR3_NC";"PIR3";"PIR3";"PIR";"EPirio";2023-05-26;"couvaison";"VR";0,5;0;0;0;0
"PIR3_NE_2023-06-02";"PIR3_NE";"PIR3";"PIR3";"PIR";"EPirio";2023-06-02;"elevage";"HD";0;2;0;0;0
"PIR3_NE_2023-06-11";"PIR3_NE";"PIR3";"PIR3";"PIR";"EPirio";2023-06-11;"elevage";"VR";1;0;1;0;0
"PIR9_NC_2023-06-02";"PIR9_NC";"PIR9";"PIR9";"PIR";"EPirio";2023-06-02;"couvaison";"GG";0;0;0;0;0
"PIR9_NC_2023-06-09";"PIR9_NC";"PIR9";"PIR9";"PIR";"EPirio";2023-06-09;"couvaison";"MC";0;1;0;0;0
"PIR9_NE_2023-06-16";"PIR9_NE";"PIR9";"PIR9";"PIR";"EPirio";2023-06-16;"elevage";"MC";0;0;0;0;0
"PIR13_NC_2023-05-12";"PIR13_NC";"PIR13";"PIR13";"PIR";"EPirio";2023-05-12;"couvaison";"MC";1;0;1;0;0
"PIR13_NC_2023-05-19";"PIR13_NC";"PIR13";"PIR13";"PIR";"EPirio";2023-05-19;"couvaison";"HD";1;1;2;0;1
"PIR13_NE_2023-05-26";"PIR13_NE";"PIR13";"PIR13";"PIR";"EPirio";2023-05-26;"elevage";"GG";0,5;0;0;0;0
"PIR13_NE_2023-06-09";"PIR13_NE";"PIR13";"PIR13";"PIR";"EPirio";2023-06-09;"elevage";"GG";0;0;0,5;0;0
"PIR14_NC_2023-05-19";"PIR14_NC";"PIR14";"PIR14";"PIR";"EPirio";2023-05-19;"couvaison";"GG";0;1;0;0;0
"PIR14_NE_2023-06-02";"PIR14_NE";"PIR14";"PIR14";"PIR";"EPirio";2023-06-02;"elevage";"MC";0;1;0;0;0
"PIR14_NE_2023-06-09";"PIR14_NE";"PIR14";"PIR14";"PIR";"EPirio";2023-06-09;"elevage";"GG";0;0;0;0;0,5
"PIR17_NC_2023-05-12";"PIR17_NC";"PIR17";"PIR17";"PIR";"EPirio";2023-05-12;"couvaison";"GG";0;0;0;0;0,5
"PIR17_NC_2023-05-19";"PIR17_NC";"PIR17";"PIR17";"PIR";"EPirio";2023-05-19;"couvaison";"HD";1;0;0;0;1
"PIR17_NE_2023-06-02";"PIR17_NE";"PIR17";"PIR17";"PIR";"EPirio";2023-06-02;"elevage";"GG";0;0;0;0;2
"PIR17_NE_2023-06-07";"PIR17_NE";"PIR17";"PIR17";"PIR";"EPirio";2023-06-07;"elevage";"HD";0;0;0;0;0
"PIR20_NC_2023-05-12";"PIR20_NC";"PIR20";"PIR20";"PIR";"EPirio";2023-05-12;"couvaison";"GG";0;0;0;0;0
"PIR20_NE_2023-05-26";"PIR20_NE";"PIR20";"PIR20";"PIR";"EPirio";2023-05-26;"elevage";"GG";0;0;0;0,5;0
"PIR20_NE_2023-06-02";"PIR20_NE";"PIR20";"PIR20";"PIR";"EPirio";2023-06-02;"elevage";"GG";0;0;0;1;0
"PIR22_NC_2023-05-19";"PIR22_NC";"PIR22";"PIR22";"PIR";"EPirio";2023-05-19;"couvaison";"HD";0;0;0;0;1
"PIR22_NC_2023-05-26";"PIR22_NC";"PIR22";"PIR22";"PIR";"EPirio";2023-05-26;"couvaison";"GG";0;0;0;1;1
"PIR22_NC_2023-05-27";"PIR22_NC";"PIR22";"PIR22";"PIR";"EPirio";2023-05-27;"couvaison";"HD";0;0;0;1;1
"PIR22_NE_2023-06-02";"PIR22_NE";"PIR22";"PIR22";"PIR";"EPirio";2023-06-02;"elevage";"GG";0;0;0;0;1
"PIR22_NE_2023-06-11";"PIR22_NE";"PIR22";"PIR22";"PIR";"EPirio";2023-06-11;"elevage";"GG";0;0;0;1;0
"PIR26_NC_2023-05-12";"PIR26_NC";"PIR26";"PIR26";"PIR";"EPirio";2023-05-12;"couvaison";"MC";0;0;0;0,5;0,5
"PIR26_NC_2023-05-19";"PIR26_NC";"PIR26";"PIR26";"PIR";"EPirio";2023-05-19;"couvaison";"HD";0;0;0;0,5;0,5
"PIR26_NE_2023-05-26";"PIR26_NE";"PIR26";"PIR26";"PIR";"EPirio";2023-05-26;"elevage";"GG";0;0;0;0;0
"PIR26_NE_2023-06-02";"PIR26_NE";"PIR26";"PIR26";"PIR";"EPirio";2023-06-02;"elevage";"GG";0;0;0;0;0,5
"PIR34_NC_2023-05-12";"PIR34_NC";"PIR34";"PIR34";"PIR";"EPirio";2023-05-12;"couvaison";"GG";0;0;0;0;0
"PIR34_NC_2023-05-19";"PIR34_NC";"PIR34";"PIR34";"PIR";"EPirio";2023-05-19;"couvaison";"HD";0;0;0;0,5;0
"PIR34_NE_2023-05-26";"PIR34_NE";"PIR34";"PIR34";"PIR";"EPirio";2023-05-26;"elevage";"GG";0;0;0,5;0,5;0
"PIR34_NE_2023-06-04";"PIR34_NE";"PIR34";"PIR34";"PIR";"EPirio";2023-06-04;"elevage";"HD";0;0;0;0;0
"PIR39_NC_2023-05-26";"PIR39_NC";"PIR39";"PIR39";"PIR";"EPirio";2023-05-26;"couvaison";"ABF";0;0;0;0;0
"PIR39_NE_2023-06-09";"PIR39_NE";"PIR39";"PIR39";"PIR";"EPirio";2023-06-09;"elevage";"HD";0;0;0;0;0
"PIR39_NE_2023-06-14";"PIR39_NE";"PIR39";"PIR39";"PIR";"EPirio";2023-06-14;"elevage";"HD";0;0;0;0;0
"PIR40_NE_2023-06-02";"PIR40_NE";"PIR40";"PIR40";"PIR";"EPirio";2023-06-02;"elevage";"HD";0;1;0;0,5;0
"PIR40_NC_2023-05-19";"PIR40_NC";"PIR40";"PIR40";"PIR";"EPirio";2023-05-19;"couvaison";"ABF";0;0;0;0;0
"PIR40_NE_2023-06-08";"PIR40_NE";"PIR40";"PIR40";"PIR";"EPirio";2023-06-08;"elevage";"HD";0;1;0;1;0
"PIR49_NC_2023-05-19";"PIR49_NC";"PIR49";"PIR49";"PIR";"EPirio";2023-05-19;"couvaison";"ABF";0;0;0;2;0
"PIR49_NE_2023-05-26";"PIR49_NE";"PIR49";"PIR49";"PIR";"EPirio";2023-05-26;"elevage";"ABF";0;1;0;2;0
"PIR49_NC_2023-05-12";"PIR49_NC";"PIR49";"PIR49";"PIR";"EPirio";2023-05-12;"couvaison";"ABF";0;0;0;2;0
"PIR49_NE_2023-06-06";"PIR49_NE";"PIR49";"PIR49";"PIR";"EPirio";2023-06-06;"elevage";"HD";0;0,5;0;0;0
"PIR51_NC_2023-05-02";"PIR51_NC";"PIR51";"PIR51";"PIR";"EPirio";2023-05-02;"couvaison";"HD";0;1;0;0;0
"PIR51_NC_2023-06-09";"PIR51_NC";"PIR51";"PIR51";"PIR";"EPirio";2023-06-09;"couvaison";"HD";0;0,5;0;2;0
"PIR54_NC_2023-05-12";"PIR54_NC";"PIR54";"PIR54";"PIR";"EPirio";2023-05-12;"couvaison";"ABF";0;0;2;0;0
"PIR54_NE_2023-05-19";"PIR54_NE";"PIR54";"PIR54";"PIR";"EPirio";2023-05-19;"elevage";"ABF";0;0;0;0;0
"PIR64_NC_2023-05-12";"PIR64_NC";"PIR64";"PIR64";"PIR";"EPirio";2023-05-12;"couvaison";"ABF";0;0;0;0;0
"PIR64_NC_2023-05-19";"PIR64_NC";"PIR64";"PIR64";"PIR";"EPirio";2023-05-19;"couvaison";"ABF";0;0;0;0;0
"PIR64_NC_2023-05-26";"PIR64_NC";"PIR64";"PIR64";"PIR";"EPirio";2023-05-26;"couvaison";"ABF";0;0;0;0;0
"PIR64_NE_2023-06-09";"PIR64_NE";"PIR64";"PIR64";"PIR";"EPirio";2023-06-09;"elevage";"HD";0;1;0;0;0
"PIR65_NC_2023-05-12";"PIR65_NC";"PIR65";"PIR65";"PIR";"EPirio";2023-05-12;"couvaison";"VR";0;0;1;0;0
"PIR65_NC_2023-05-19";"PIR65_NC";"PIR65";"PIR65";"PIR";"EPirio";2023-05-19;"couvaison";"HD";0;1;0;0;0
"PIR65_NE_2023-05-26";"PIR65_NE";"PIR65";"PIR65";"PIR";"EPirio";2023-05-26;"elevage";"VR";0;0;0;0;0
"PIR65_NE_2023-06-03";"PIR65_NE";"PIR65";"PIR65";"PIR";"EPirio";2023-06-03;"elevage";"HD";0;1;0;0;0
"PIR66_NC_2023-05-12";"PIR66_NC";"PIR66";"PIR66";"PIR";"EPirio";2023-05-12;"couvaison";"VR";0;0,5;0;0;0
"PIR66_NC_2023-05-19";"PIR66_NC";"PIR66";"PIR66";"PIR";"EPirio";2023-05-19;"couvaison";"HD";0,5;0,5;0;0;0
"PIR66_NE_2023-05-26";"PIR66_NE";"PIR66";"PIR66";"PIR";"EPirio";2023-05-26;"elevage";"VR";0;2;0;0;0
"PIR66_NE_2023-05-31";"PIR66_NE";"PIR66";"PIR66";"PIR";"EPirio";2023-05-31;"elevage";"HD";0;0;0;1;0
"PIR68_NC_2023-05-12";"PIR68_NC";"PIR68";"PIR68";"PIR";"EPirio";2023-05-12;"couvaison";"VR";0;0;0,5;0;0
"PIR68_NC_2023-05-19";"PIR68_NC";"PIR68";"PIR68";"PIR";"EPirio";2023-05-19;"couvaison";"HD";0;0;0;0;0
"PIR68_NC_2023-05-26";"PIR68_NC";"PIR68";"PIR68";"PIR";"EPirio";2023-05-26;"couvaison";"VR";0;0;0;0;0
"PIR68_NE_2023-06-02";"PIR68_NE";"PIR68";"PIR68";"PIR";"EPirio";2023-06-02;"elevage";"VR";0;0;0;0;0
"PIR68_NE_2023-06-10";"PIR68_NE";"PIR68";"PIR68";"PIR";"EPirio";2023-06-10;"elevage";"MC";0;1;0;0;0
"PIR71_NC_2023-05-12";"PIR71_NC";"PIR71";"PIR71";"PIR";"EPirio";2023-05-12;"couvaison";"VR";0;0;0;0,5;0
"PIR71_NC_2023-05-19";"PIR71_NC";"PIR71";"PIR71";"PIR";"EPirio";2023-05-19;"couvaison";"HD";0;0;0;1;0
"PIR71_NE_2023-06-05";"PIR71_NE";"PIR71";"PIR71";"PIR";"EPirio";2023-06-05;"elevage";"HD";0;0;0;0,5;0
"PIR75_NC_2023-05-26";"PIR75_NC";"PIR75";"PIR75";"PIR";"EPirio";2023-05-26;"couvaison";"VR";0;0;0;0;0
"PIR75_NC_2023-05-27";"PIR75_NC";"PIR75";"PIR75";"PIR";"EPirio";2023-05-27;"couvaison";"GG";0;1;0;0;0
"PIR75_NC_2023-06-02";"PIR75_NC";"PIR75";"PIR75";"PIR";"EPirio";2023-06-02;"couvaison";"VR";0;0;0;0;0
"PIR75_NE_2023-06-09";"PIR75_NE";"PIR75";"PIR75";"PIR";"EPirio";2023-06-09;"elevage";"VR";0;0;0;0;0
"PIR75_NE_2023-06-16";"PIR75_NE";"PIR75";"PIR75";"PIR";"EPirio";2023-06-16;"elevage";"GG";0;0;0;0;0
"PIR79_NC_2023-05-04";"PIR79_NC";"PIR79";"PIR79";"PIR";"EPirio";2023-05-04;"couvaison";"VR";0;0;0;1;0
"PIR79_NC_2023-05-12";"PIR79_NC";"PIR79";"PIR79";"PIR";"EPirio";2023-05-12;"couvaison";"VR";0;0;0;0;0
"PIR81_NC_2023-05-04";"PIR81_NC";"PIR81";"PIR81";"PIR";"EPirio";2023-05-04;"couvaison";"VR";0;0;0;0;0
"PIR81_NC_2023-05-19";"PIR81_NC";"PIR81";"PIR81";"PIR";"EPirio";2023-05-19;"couvaison";"HD";0;0;0;0,5;0
"PIR81_NE_2023-05-26";"PIR81_NE";"PIR81";"PIR81";"PIR";"EPirio";2023-05-26;"elevage";"VR";0;0;0;0;0
"PIR81_NE_2023-06-03";"PIR81_NE";"PIR81";"PIR81";"PIR";"EPirio";2023-06-03;"elevage";"ABF";0;0;0;0;0
"PIR81_NC_2023-05-12";"PIR81_NC";"PIR81";"PIR81";"PIR";"EPirio";2023-05-12;"couvaison";"VR";0;0;0;0;0
"PIR81_NE_2023-06-05";"PIR81_NE";"PIR81";"PIR81";"PIR";"EPirio";2023-06-05;"elevage";"ABF";0;1;0;0;0
"PIR85_NC_2023-05-12";"PIR85_NC";"PIR85";"PIR85";"PIR";"EPirio";2023-05-12;"couvaison";"VR";0;0;0;0;0
"PIR85_NC_2023-05-19";"PIR85_NC";"PIR85";"PIR85";"PIR";"EPirio";2023-05-19;"couvaison";"HD";0;0;0;0;0
"PIR85_NE_2023-06-07";"PIR85_NE";"PIR85";"PIR85";"PIR";"EPirio";2023-06-07;"elevage";"GG";0;1;0;0;0
"PIR92_NC_2023-05-12";"PIR92_NC";"PIR92";"PIR92";"PIR";"EPirio";2023-05-12;"couvaison";"VR";0;0,5;0;1;0
"PIR92_NC_2023-05-19";"PIR92_NC";"PIR92";"PIR92";"PIR";"EPirio";2023-05-19;"couvaison";"HD";0;0;0;1;0
"PIR92_NC_2023-05-26";"PIR92_NC";"PIR92";"PIR92";"PIR";"EPirio";2023-05-26;"couvaison";"VR";0;0;0;0,5;0
"PIR92_NE_2023-06-08";"PIR92_NE";"PIR92";"PIR92";"PIR";"EPirio";2023-06-08;"elevage";"GG";0;0;0;0;0
"PIR96_NC_2023-05-26";"PIR96_NC";"PIR96";"PIR96";"PIR";"EPirio";2023-05-26;"couvaison";"VR";0;0;0;0;0
"PIR96_NE_2023-06-09";"PIR96_NE";"PIR96";"PIR96";"PIR";"EPirio";2023-06-09;"elevage";"VR";0;0;0;0;0
"PIR96_NE_2023-06-13";"PIR96_NE";"PIR96";"PIR96";"PIR";"EPirio";2023-06-13;"elevage";"GG";0;0;0;0;0
"PIR96_NE_2023-06-15";"PIR96_NE";"PIR96";"PIR96";"PIR";"EPirio";2023-06-15;"elevage";"GG";0;0;0;0;0
"PIR100_NC_2023-05-12";"PIR100_NC";"PIR100";"PIR100";"PIR";"EPirio";2023-05-12;"couvaison";"VR";0;1;0;0;0
"PIR100_NC_2023-05-19";"PIR100_NC";"PIR100";"PIR100";"PIR";"EPirio";2023-05-19;"couvaison";"HD";0;0;0;0;0
"PIR100_NE_2023-05-29";"PIR100_NE";"PIR100";"PIR100";"PIR";"EPirio";2023-05-29;"elevage";"VR";0;0;0;0;0
"PIR100_NE_2023-06-03";"PIR100_NE";"PIR100";"PIR100";"PIR";"EPirio";2023-06-03;"elevage";"GG";0;0;0;0;0
"PIR101_NC_2023-05-12";"PIR101_NC";"PIR101";"PIR101";"PIR";"EPirio";2023-05-12;"couvaison";"VR";0;0;0;0,5;0
"PIR101_NC_2023-05-19";"PIR101_NC";"PIR101";"PIR101";"PIR";"EPirio";2023-05-19;"couvaison";"HD";0;1;0;1;0
"PIR101_NE_2023-05-26";"PIR101_NE";"PIR101";"PIR101";"PIR";"EPirio";2023-05-26;"elevage";"VR";0;-0,5;0;0;0
"PIR101_NE_2023-06-05";"PIR101_NE";"PIR101";"PIR101";"PIR";"EPirio";2023-06-05;"elevage";"HD";0;1;0;0;0
"PIR102_NC_2023-05-12";"PIR102_NC";"PIR102";"PIR102";"PIR";"EPirio";2023-05-12;"couvaison";"VR";0;0;0;0;0
"PIR102_NC_2023-05-19";"PIR102_NC";"PIR102";"PIR102";"PIR";"EPirio";2023-05-19;"couvaison";"HD";0;0,5;0;0;0
"PIR102_NE_2023-06-02";"PIR102_NE";"PIR102";"PIR102";"PIR";"EPirio";2023-06-02;"elevage";"VR";0;0;0;0;0
"PIR102_NE_2023-06-08";"PIR102_NE";"PIR102";"PIR102";"PIR";"EPirio";2023-06-08;"elevage";"GG";0;0;0;0,5;0
"PIR105_NC_2023-05-19";"PIR105_NC";"PIR105";"PIR105";"PIR";"EPirio";2023-05-19;"couvaison";"HD";0;0;0;1;0
"PIR105_NC_2023-05-26";"PIR105_NC";"PIR105";"PIR105";"PIR";"EPirio";2023-05-26;"couvaison";"VR";0;0;0;0,5;0
"PIR105_NE_2023-06-09";"PIR105_NE";"PIR105";"PIR105";"PIR";"EPirio";2023-06-09;"elevage";"VR";0;0;0;0;0
"PIR105_NE_2023-06-13";"PIR105_NE";"PIR105";"PIR105";"PIR";"EPirio";2023-06-13;"elevage";"GG";0;0;0;0;0
"PIR105_NE_2023-06-16";"PIR105_NE";"PIR105";"PIR105";"PIR";"EPirio";2023-06-16;"elevage";"GG";0;0;0;0;0
"PIR107_NC_2023-05-12";"PIR107_NC";"PIR107";"PIR107";"PIR";"EPirio";2023-05-12;"couvaison";"VR";0;0;0;0;0
"PIR107_NC_2023-05-19";"PIR107_NC";"PIR107";"PIR107";"PIR";"EPirio";2023-05-19;"couvaison";"HD";0;0;0;0,5;0
"PIR107_NE_2023-06-05";"PIR107_NE";"PIR107";"PIR107";"PIR";"EPirio";2023-06-05;"elevage";"HD";0;0;0;0;0
"PIR119_NC_2023-05-12";"PIR119_NC";"PIR119";"PIR119";"PIR";"EPirio";2023-05-12;"couvaison";"ABF";0;0;0;0;0
"PIR119_NE_2023-05-19";"PIR119_NE";"PIR119";"PIR119";"PIR";"EPirio";2023-05-19;"elevage";"ABF";0;0;0;0;0
"PIR119_NE_2023-05-26";"PIR119_NE";"PIR119";"PIR119";"PIR";"EPirio";2023-05-26;"elevage";"ABF";0;0;0;0;0
"PIR119_NE_2023-05-31";"PIR119_NE";"PIR119";"PIR119";"PIR";"EPirio";2023-05-31;"elevage";"GG";0;0;0;0;0
"PIR120_NC_2023-05-12";"PIR120_NC";"PIR120";"PIR120";"PIR";"EPirio";2023-05-12;"couvaison";"ABF";0;0;0;0;0
"PIR120_NC_2023-05-19";"PIR120_NC";"PIR120";"PIR120";"PIR";"EPirio";2023-05-19;"couvaison";"ABF";0;0;0;0;0
"PIR120_NE_2023-05-26";"PIR120_NE";"PIR120";"PIR120";"PIR";"EPirio";2023-05-26;"elevage";"ABF";0;0;0;0;0
"PIR120_NE_2023-06-02";"PIR120_NE";"PIR120";"PIR120";"PIR";"EPirio";2023-06-02;"elevage";"HD";0;0;0;0;0
"PIR124_NC_2023-05-12";"PIR124_NC";"PIR124";"PIR124";"PIR";"EPirio";2023-05-12;"couvaison";"ABF";0;0;0;0;0
"PIR124_NE_2023-05-26";"PIR124_NE";"PIR124";"PIR124";"PIR";"EPirio";2023-05-26;"elevage";"ABF";0;0;0;0;0
"PIR124_NE_2023-06-02";"PIR124_NE";"PIR124";"PIR124";"PIR";"EPirio";2023-06-02;"elevage";"GG";0;0;0;0;0
"PIR126_NC_2023-05-19";"PIR126_NC";"PIR126";"PIR126";"PIR";"EPirio";2023-05-19;"couvaison";"HD";1;0;1;0;0
"PIR126_NC_2023-05-26";"PIR126_NC";"PIR126";"PIR126";"PIR";"EPirio";2023-05-26;"couvaison";"GG";0;0;2;0;0
"PIR126_NE_2023-06-02";"PIR126_NE";"PIR126";"PIR126";"PIR";"EPirio";2023-06-02;"elevage";"MC";1;0;0;0;0
"PIR126_NE_2023-06-09";"PIR126_NE";"PIR126";"PIR126";"PIR";"EPirio";2023-06-09;"elevage";"GG";0;0;0;0;0
"PIR134_NC_2023-05-26";"PIR134_NC";"PIR134";"PIR134";"PIR";"EPirio";2023-05-26;"couvaison";"MC";0;0;0;0;0
"PIR134_NC_2023-05-27";"PIR134_NC";"PIR134";"PIR134";"PIR";"EPirio";2023-05-27;"couvaison";"GG";0;0;0;0;0
"PIR134_NC_2023-06-02";"PIR134_NC";"PIR134";"PIR134";"PIR";"EPirio";2023-06-02;"couvaison";"MC";0;0;0;0;0,5
"PIR134_NE_2023-06-09";"PIR134_NE";"PIR134";"PIR134";"PIR";"EPirio";2023-06-09;"elevage";"MC";1;0;0;0;0
"PIR137_NC_2023-05-12";"PIR137_NC";"PIR137";"PIR137";"PIR";"EPirio";2023-05-12;"couvaison";"GG";0;0;0;0;0,5
"PIR137_NC_2023-05-19";"PIR137_NC";"PIR137";"PIR137";"PIR";"EPirio";2023-05-19;"couvaison";"HD";0;0;0;1;1
"PIR137_NE_2023-06-02";"PIR137_NE";"PIR137";"PIR137";"PIR";"EPirio";2023-06-02;"elevage";"GG";0;0;0;0;0
"PIR137_NE_2023-06-07";"PIR137_NE";"PIR137";"PIR137";"PIR";"EPirio";2023-06-07;"elevage";"HD";0;0;0;0;0
"PIR154_NC_2023-05-19";"PIR154_NC";"PIR154";"PIR154";"PIR";"EPirio";2023-05-19;"couvaison";"HD";0;0;0;0;0
"PIR154_NE_2023-05-26";"PIR154_NE";"PIR154";"PIR154";"PIR";"EPirio";2023-05-26;"elevage";"ABF";0;0;0;1;0
"PIR154_NC_2023-05-12";"PIR154_NC";"PIR154";"PIR154";"PIR";"EPirio";2023-05-12;"couvaison";"ABF";0;0;2;0;0
"PIR154_NE_2023-06-06";"PIR154_NE";"PIR154";"PIR154";"PIR";"EPirio";2023-06-06;"elevage";"HD";0;0,5;0;0;0
"PIR157_NC_2023-05-26";"PIR157_NC";"PIR157";"PIR157";"PIR";"EPirio";2023-05-26;"couvaison";"ABF";0;0;0;0;2
"PIR157_NE_2023-06-02";"PIR157_NE";"PIR157";"PIR157";"PIR";"EPirio";2023-06-02;"elevage";"VR";0;0;0;1;0
"PIR157_NC_2023-05-19";"PIR157_NC";"PIR157";"PIR157";"PIR";"EPirio";2023-05-19;"couvaison";"ABF";0;0;0;0;0
"PIR157_NE_2023-06-13";"PIR157_NE";"PIR157";"PIR157";"PIR";"EPirio";2023-06-13;"elevage";"GG";0;0;0;0,5;0,5
"PIR158_NC_2023-05-12";"PIR158_NC";"PIR158";"PIR158";"PIR";"EPirio";2023-05-12;"couvaison";"GG";0;0;0;2;0
"PIR158_NE_2023-05-19";"PIR158_NE";"PIR158";"PIR158";"PIR";"EPirio";2023-05-19;"elevage";"ABF";0;0;0;0;0
"PIR158_NE_2023-05-26";"PIR158_NE";"PIR158";"PIR158";"PIR";"EPirio";2023-05-26;"elevage";"ABF";0;0;0;1;0
"PIR158_NE_2023-06-01";"PIR158_NE";"PIR158";"PIR158";"PIR";"EPirio";2023-06-01;"elevage";"HD";0;1;0;0;0
"PIR159_NC_2023-05-12";"PIR159_NC";"PIR159";"PIR159";"PIR";"EPirio";2023-05-12;"couvaison";"ABF";0;0;0;0;0
"PIR159_NC_2023-05-19";"PIR159_NC";"PIR159";"PIR159";"PIR";"EPirio";2023-05-19;"couvaison";"ABF";0;0;0;0;0
"PIR159_NE_2023-05-26";"PIR159_NE";"PIR159";"PIR159";"PIR";"EPirio";2023-05-26;"elevage";"ABF";0;0;0;0;0
"PIR159_NE_2023-06-06";"PIR159_NE";"PIR159";"PIR159";"PIR";"EPirio";2023-06-06;"elevage";"GG";0;0;0;0;0
"PIR202_NC_2023-05-26";"PIR202_NC";"PIR202";"PIR202";"PIR";"EPirio";2023-05-26;"couvaison";"HD";2;0;0;0;0
"PIR202_NC_2023-06-02";"PIR202_NC";"PIR202";"PIR202";"PIR";"EPirio";2023-06-02;"couvaison";"HD";0;0;0;1;0
"PIR202_NE_2023-06-09";"PIR202_NE";"PIR202";"PIR202";"PIR";"EPirio";2023-06-09;"elevage";"HD";0;0;0;0;0
"PIR202_NE_2023-06-18";"PIR202_NE";"PIR202";"PIR202";"PIR";"EPirio";2023-06-18;"elevage";"HD";0;0;0;0;0
"PIR204_NC_2023-05-19";"PIR204_NC";"PIR204";"PIR204";"PIR";"EPirio";2023-05-19;"couvaison";"ABF";0;0;0;0;0
"PIR204_NE_2023-06-02";"PIR204_NE";"PIR204";"PIR204";"PIR";"EPirio";2023-06-02;"elevage";"HD";0;0;0;0;0
"PIR204_NE_2023-06-08";"PIR204_NE";"PIR204";"PIR204";"PIR";"EPirio";2023-06-08;"elevage";"HD";0;0;0;0;0
"PIR205_NC_2023-05-12";"PIR205_NC";"PIR205";"PIR205";"PIR";"EPirio";2023-05-12;"couvaison";"ABF";0;0;0;0;0
"PIR205_NE_2023-05-19";"PIR205_NE";"PIR205";"PIR205";"PIR";"EPirio";2023-05-19;"elevage";"ABF";0;0;0;0;0
"PIR205_NE_2023-05-26";"PIR205_NE";"PIR205";"PIR205";"PIR";"EPirio";2023-05-26;"elevage";"ABF";2;0;0;0;0
"PIR205_NE_2023-05-31";"PIR205_NE";"PIR205";"PIR205";"PIR";"EPirio";2023-05-31;"elevage";"GG";2;0;0;0;0
"PIR208_NC_2023-05-12";"PIR208_NC";"PIR208";"PIR208";"PIR";"EPirio";2023-05-12;"couvaison";"ABF";0;0;0;0;0
"PIR208_NE_2023-05-26";"PIR208_NE";"PIR208";"PIR208";"PIR";"EPirio";2023-05-26;"elevage";"ABF";0;0;0;0;0
"PIR208_NE_2023-06-03";"PIR208_NE";"PIR208";"PIR208";"PIR";"EPirio";2023-06-03;"elevage";"GG";1;0;0;0;0
"PIR232_NC_2023-05-12";"PIR232_NC";"PIR232";"PIR232";"PIR";"EPirio";2023-05-12;"couvaison";"GG";0;0;0;0;0
"PIR232_NE_2023-05-26";"PIR232_NE";"PIR232";"PIR232";"PIR";"EPirio";2023-05-26;"elevage";"GG";0;0;0;0;0
"PIR232_NE_2023-05-28";"PIR232_NE";"PIR232";"PIR232";"PIR";"EPirio";2023-05-28;"elevage";"ABF";0;0;0;1;0
"PIR232_NE_2023-06-02";"PIR232_NE";"PIR232";"PIR232";"PIR";"EPirio";2023-06-02;"elevage";"GG";0;0;0;0;0
"PIR234_NC_2023-05-12";"PIR234_NC";"PIR234";"PIR234";"PIR";"EPirio";2023-05-12;"couvaison";"GG";0;0;0;1;0
"PIR234_NC_2023-05-19";"PIR234_NC";"PIR234";"PIR234";"PIR";"EPirio";2023-05-19;"couvaison";"HD";0;2;0;0;1
"PIR234_NE_2023-05-26";"PIR234_NE";"PIR234";"PIR234";"PIR";"EPirio";2023-05-26;"elevage";"GG";0;0;0;1;0
"PIR234_NE_2023-06-06";"PIR234_NE";"PIR234";"PIR234";"PIR";"EPirio";2023-06-06;"elevage";"GG";0,5;0;0;0,5;0
"PIR235_NC_2023-05-12";"PIR235_NC";"PIR235";"PIR235";"PIR";"EPirio";2023-05-12;"couvaison";"GG";0;0;0;1;1
"PIR235_NC_2023-05-19";"PIR235_NC";"PIR235";"PIR235";"PIR";"EPirio";2023-05-19;"couvaison";"HD";0;0;0;0,5;2
"PIR235_NE_2023-05-26";"PIR235_NE";"PIR235";"PIR235";"PIR";"EPirio";2023-05-26;"elevage";"GG";0;0;0;0,5;1
"PIR235_NE_2023-06-04";"PIR235_NE";"PIR235";"PIR235";"PIR";"EPirio";2023-06-04;"elevage";"HD";0;0;0;1;0
"PIR239_NC_2023-05-12";"PIR239_NC";"PIR239";"PIR239";"PIR";"EPirio";2023-05-12;"couvaison";"GG";0;0;0;0;0
"PIR239_NE_2023-05-26";"PIR239_NE";"PIR239";"PIR239";"PIR";"EPirio";2023-05-26;"elevage";"GG";0;0;0;0,5;0
"PIR239_NE_2023-06-02";"PIR239_NE";"PIR239";"PIR239";"PIR";"EPirio";2023-06-02;"elevage";"GG";0;0;0;1;0
"PIR246_NC_2023-05-04";"PIR246_NC";"PIR246";"PIR246";"PIR";"EPirio";2023-05-04;"couvaison";"CD";0;0;0;0;1
"PIR246_NE_2023-05-19";"PIR246_NE";"PIR246";"PIR246";"PIR";"EPirio";2023-05-19;"elevage";"HD";0;0,5;0;0;0
"PIR246_NE_2023-05-27";"PIR246_NE";"PIR246";"PIR246";"PIR";"EPirio";2023-05-27;"elevage";"GG";0;0;0;0;0
"PIR247_NC_2023-05-04";"PIR247_NC";"PIR247";"PIR247";"PIR";"EPirio";2023-05-04;"couvaison";"CD";0;0;0;0;0
"PIR247_NC_2023-05-12";"PIR247_NC";"PIR247";"PIR247";"PIR";"EPirio";2023-05-12;"couvaison";"GG";0;0;0;0;0
"PIR247_NE_2023-05-26";"PIR247_NE";"PIR247";"PIR247";"PIR";"EPirio";2023-05-26;"elevage";"GG";0;0;0,5;0;0
"PIR247_NE_2023-05-30";"PIR247_NE";"PIR247";"PIR247";"PIR";"EPirio";2023-05-30;"elevage";"GG";0;0;0;0;0
"PIRB_NC_2023-05-12";"PIRB_NC";"PIRB";"PIRB";"PIR";"EPirio";2023-05-12;"couvaison";"ABF";0;0;0;0;0
"PIRB_NC_2023-05-19";"PIRB_NC";"PIRB";"PIRB";"PIR";"EPirio";2023-05-19;"couvaison";"ABF";0;0;0;0;0
"PIRB_NE_2023-05-26";"PIRB_NE";"PIRB";"PIRB";"PIR";"EPirio";2023-05-26;"elevage";"ABF";0;0;0;0;0
"PIRB_NE_2023-06-04";"PIRB_NE";"PIRB";"PIRB";"PIR";"EPirio";2023-06-04;"elevage";"GG";0;0;0;0;0
"TUA211_NC_2023-05-12";"TUA211_NC";"TUA211";"TUA211";"TUA";"EPirio";2023-05-12;"couvaison";"VR";0;0;0;0;0
"TUA211_NC_2023-05-19";"TUA211_NC";"TUA211";"TUA211";"TUA";"EPirio";2023-05-19;"couvaison";"ABF";0;0;0;0;0
"TUA215_NC_2023-05-12";"TUA215_NC";"TUA215";"TUA215";"TUA";"EPirio";2023-05-12;"couvaison";"VR";0;2;0;0;0
"TUA215_NE_2023-05-26";"TUA215_NE";"TUA215";"TUA215";"TUA";"EPirio";2023-05-26;"elevage";"HD";0;1;1;0;0
"TUA215_NE_2023-06-03";"TUA215_NE";"TUA215";"TUA215";"TUA";"EPirio";2023-06-03;"elevage";"MC";0;1;0;0;0
"TUA216_NC_2023-05-12";"TUA216_NC";"TUA216";"TUA216";"TUA";"EPirio";2023-05-12;"couvaison";"VR";0;0,5;0;1;0
"TUA216_NC_2023-05-19";"TUA216_NC";"TUA216";"TUA216";"TUA";"EPirio";2023-05-19;"couvaison";"ABF";0;2;0;1;0
"TUA217_NC_2023-05-12";"TUA217_NC";"TUA217";"TUA217";"TUA";"EPirio";2023-05-12;"couvaison";"VR";0;0;0;0;0
"TUA217_NE_2023-05-26";"TUA217_NE";"TUA217";"TUA217";"TUA";"EPirio";2023-05-26;"elevage";"HD";0;0;0;0;0
"TUA217_NE_2023-06-01";"TUA217_NE";"TUA217";"TUA217";"TUA";"EPirio";2023-06-01;"elevage";"HD";0;1;0;0;0
"TUA218_NC_2023-05-12";"TUA218_NC";"TUA218";"TUA218";"TUA";"EPirio";2023-05-12;"couvaison";"GG";0;0;1;0;0
"TUA218_NE_2023-05-19";"TUA218_NE";"TUA218";"TUA218";"TUA";"EPirio";2023-05-19;"elevage";"ABF";0;0;0;0;0
"TUA218_NE_2023-05-30";"TUA218_NE";"TUA218";"TUA218";"TUA";"EPirio";2023-05-30;"elevage";"GG";0;0;0;0,5;1
"TUA222_NC_2023-05-12";"TUA222_NC";"TUA222";"TUA222";"TUA";"EPirio";2023-05-12;"couvaison";"VR";0;0,5;0;0,5;0
"TUA222_NC_2023-05-19";"TUA222_NC";"TUA222";"TUA222";"TUA";"EPirio";2023-05-19;"couvaison";"ABF";0;0;0;2;0
"TUA222_NE_2023-05-26";"TUA222_NE";"TUA222";"TUA222";"TUA";"EPirio";2023-05-26;"elevage";"HD";0;2;0;1;0
"TUA222_NE_2023-06-02";"TUA222_NE";"TUA222";"TUA222";"TUA";"EPirio";2023-06-02;"elevage";"VR";0;2;0;1;0
"TUA222_NE_2023-06-05";"TUA222_NE";"TUA222";"TUA222";"TUA";"EPirio";2023-06-05;"elevage";"GG";0;0;1;0,5;0
"TUA223_NC_2023-05-12";"TUA223_NC";"TUA223";"TUA223";"TUA";"EPirio";2023-05-12;"couvaison";"VR";0;1;0;0;1
"TUA223_NE_2023-05-26";"TUA223_NE";"TUA223";"TUA223";"TUA";"EPirio";2023-05-26;"elevage";"HD";0;1;0;0;0
"TUA223_NE_2023-06-01";"TUA223_NE";"TUA223";"TUA223";"TUA";"EPirio";2023-06-01;"elevage";"HD";0;1;0;1;0
"TUA224_NC_2023-05-12";"TUA224_NC";"TUA224";"TUA224";"TUA";"EPirio";2023-05-12;"couvaison";"VR";0;0;0,5;0;0
"TUA224_NE_2023-05-26";"TUA224_NE";"TUA224";"TUA224";"TUA";"EPirio";2023-05-26;"elevage";"HD";0;1;0;0;0
"TUA224_NE_2023-06-01";"TUA224_NE";"TUA224";"TUA224";"TUA";"EPirio";2023-06-01;"elevage";"HD";0;0,5;0;0;0
"TUA225-1_NC_2023-05-12";"TUA225-1_NC";"TUA225-1";"TUA225";"TUA";"EPirio";2023-05-12;"couvaison";"VR";0;1;0;0;0
"TUA225-1_NC_2023-05-19";"TUA225-1_NC";"TUA225-1";"TUA225";"TUA";"EPirio";2023-05-19;"couvaison";"ABF";0;0;0;0;0
"TUA225-1_NE_2023-05-28";"TUA225-1_NE";"TUA225-1";"TUA225";"TUA";"EPirio";2023-05-28;"elevage";"GG";0;0;1;0;0
"TUA225-2_NC_2023-06-16";"TUA225-2_NC";"TUA225-2";"TUA225";"TUA";"EPirio";2023-06-16;"couvaison";"VR";0;0;1;0;0
